topicID,tagID,weight
ART0,1,5
ART0,14,3
ART0,249,1
BOL0,2,5
BOL0,17,3
BOL0,173,1
CHE0,3,5
CHE0,16,3
CHE0,35,1
COS0,56,5
COS0,77,3
COS0,79,1
CUS0,5,5
CUS0,24,3
CUS0,25,1
ETH0,15,5
ETH0,51,3
ETH0,5,1
GOG0,7,5
GOG0,12,3
GOG0,17,1
HSR0,8,5
HSR0,245,3
HSR0,242,1
LAW0,9,5
LAW0,52,3
LAW0,53,1
LIN0,10,5
LIN0,12,3
LIN0,37,1
LIT0,11,5
LIT0,15,3
LIT0,5,1
LOG0,12,5
LOG0,31,3
LOG0,35,1
MAT0,13,5
MAT0,12,3
MAT0,41,1
MST0,14,5
MST0,15,3
MST0,13,1
PHI0,15,5
PHI0,11,3
PHI0,12,1
PYS0,16,5
PYS0,36,3
PYS0,42,1
PYL0,17,5
PYL0,16,3
PYL0,7,1
ABI1,16,5
ABI1,37,3
ABI1,2,2
ABI1,38,1
ABI2,2,5
ABI2,12,3
ABI2,16,2
ABI2,13,1
ACO1,97,5
ACO1,16,3
ACO1,36,2
ACO1,42,1
ACT1,2,5
ACT1,16,3
ACT1,174,2
ACT1,177,1
AED1,16,5
AED1,12,3
AED1,100,2
AED1,38,1
AES1,16,5
AES1,38,3
AES1,39,2
AES1,2,1
AES2,15,5
AES2,1,3
AES2,14,2
AES2,245,1
AGN1,12,5
AGN1,15,3
AGN1,35,2
AGN1,41,1
AGO1,3,5
AGO1,12,3
AGO1,4,2
AGO1,17,1
ALG1,13,5
ALG1,12,3
ALG1,35,2
ALG1,42,1
API1,2,5
API1,171,3
API1,157,2
API1,168,1
AHS1,245,5
AHS1,1,3
AHS1,11,2
AHS1,5,1
ASN0,138,5
ASN0,137,3
ASN0,142,2
ASN0,143,1
ATS1,147,5
ATS1,149,3
ATS1,16,2
ATS1,159,1
AUT1,12,5
AUT1,15,3
AUT1,17,2
AUT1,24,1
AUT2,12,5
AUT2,4,3
AUT2,41,2
AUT2,71,1
BAR1,16,5
BAR1,37,3
BAR1,38,2
BAR1,99,1
BOC1,2,5
BOC1,174,3
BOC1,173,2
BOC1,3,1
BOP1,16,5
BOP1,2,3
BOP1,36,2
BOP1,37,1
BOT1,166,5
BOT1,157,3
BOT1,143,2
BOT1,154,1
CHA1,12,5
CHA1,43,3
CHA1,42,2
CHA1,13,1
CHT1,13,5
CHT1,42,3
CHT1,41,2
CHT1,12,1
CHO1,7,5
CHO1,143,3
CHO1,149,2
CHO1,154,1
CLM1,99,5
CLM1,16,3
CLM1,37,2
CLM1,38,1
CLI1,11,5
CLI1,15,3
CLI1,24,2
CLI1,27,1
EAS0,143,5
EAS0,149,3
EAS0,147,2
EAS0,157,1
EMB1,2,5
EMB1,174,3
EMB1,173,2
EMB1,177,1
ENG1,106,5
ENG1,110,3
ENG1,107,2
ENG1,111,1
ENI1,27,5
ENI1,32,3
ENI1,31,2
ENI1,40,1
FST1,16,5
FST1,143,3
FST1,153,2
FST1,100,1
FOS1,193,5
FOS1,194,3
FOS1,174,2
FOS1,192,1
FOS2,12,5
FOS2,4,3
FOS2,23,2
FOS2,9,1
GEN1,172,5
GEN1,177,3
GEN1,174,2
GEN1,12,1
GOM1,7,5
GOM1,12,3
GOM1,17,2
GOM1,38,1
GOM2,13,5
GOM2,42,3
GOM2,16,2
GOM2,73,1
GLO1,10,5
GLO1,12,3
GLO1,14,2
GLO1,24,1
GOO1,13,5
GOO1,12,3
GOO1,41,2
GOO1,42,1
HSR2,8,5
HSR2,11,3
HSR2,24,2
HSR2,34,1
HSR3,8,5
HSR3,11,3
HSR3,24,2
HSR3,35,1
IDE1,11,5
IDE1,12,3
IDE1,14,2
IDE1,15,1
IDI1,10,5
IDI1,11,3
IDI1,1,2
IDI1,24,1
INS0,39,5
INS0,34,3
INS0,38,2
INS0,35,1
ISE1,54,5
ISE1,53,3
ISE1,56,2
ISE1,52,1
JAP1,5,5
JAP1,8,3
JAP1,11,2
JAP1,10,1
KNM1,16,5
KNM1,99,3
KNM1,143,2
KNM1,100,1
KNT1,16,5
KNT1,99,3
KNT1,36,2
KNT1,43,1
LUD1,275,5
LUD1,277,3
LUD1,278,2
LUD1,276,1
MAS1,101,5
MAS1,111,3
MAS1,103,2
MAS1,105,1
MEC1,99,5
MEC1,107,3
MEC1,108,2
MEC1,100,1
MED1,183,5
MED1,184,3
MED1,185,2
MED1,177,1
MER1,12,5
MER1,1,3
MER1,38,2
MER1,42,1
MPH1,15,5
MPH1,12,3
MPH1,16,2
MPH1,35,1
MPS1,17,5
MPS1,16,3
MPS1,11,2
MPS1,186,1
MBI1,174,5
MBI1,177,3
MBI1,2,2
MBI1,175,1
MOR1,1,5
MOR1,173,3
MOR1,17,2
MOR1,2,1
MSI1,14,5
MSI1,15,3
MSI1,243,2
MSI1,11,1
NAV1,134,5
NAV1,70,3
NAV1,61,2
NAV1,138,1
NEU1,15,5
NEU1,12,3
NEU1,241,2
NEU1,6,1
NOO1,15,5
NOO1,12,3
NOO1,33,2
NOO1,34,1
ONO1,10,5
ONO1,11,3
ONO1,1,2
ONO1,8,1
OPT1,16,5
OPT1,96,3
OPT1,97,2
OPT1,12,1
ORC1,3,5
ORC1,16,3
ORC1,12,2
ORC1,110,1
PLG1,8,5
PLG1,11,3
PLG1,24,2
PLG1,12,1
PDO1,12,5
PDO1,35,3
PDO1,41,2
PDO1,42,1
PAR1,11,5
PAR1,15,3
PAR1,9,2
PAR1,24,1
PPY1,16,5
PPY1,12,3
PPY1,36,2
PPY1,13,1
PAR2,14,5
PAR2,246,3
PAR2,247,2
PAR2,248,1
PHE1,15,5
PHE1,14,3
PHE1,12,2
PHE1,11,1
PHI2,10,5
PHI2,12,3
PHI2,14,2
PHI2,24,1
POS1,15,5
POS1,241,3
POS1,35,2
POS1,31,1
PNO1,10,5
PNO1,12,3
PNO1,237,2
PNO1,24,1
PHR1,10,5
PHR1,12,3
PHR1,11,2
PHR1,14,1
PSE1,15,5
PSE1,11,3
PSE1,12,2
PSE1,2,1
PUN1,15,5
PUN1,12,3
PUN1,1,2
PUN1,27,1
QUM1,16,5
QUM1,12,3
QUM1,36,2
QUM1,99,1
RAD1,3,5
RAD1,12,3
RAD1,16,2
RAD1,13,1
SCH1,1,5
SCH1,14,3
SCH1,24,2
SCH1,27,1
SMO1,12,5
SMO1,35,3
SMO1,43,2
SMO1,42,1
SPR1,4,5
SPR1,56,3
SPR1,71,2
SPR1,39,1
SEM1,10,5
SEM1,12,3
SEM1,239,2
SEM1,11,1
SIG1,10,5
SIG1,15,3
SIG1,12,2
SIG1,14,1
SIN1,5,5
SIN1,20,3
SIN1,24,2
SIN1,21,1
SCL0,19,5
SCL0,198,3
SCL0,24,2
SCL0,229,1
SOS1,155,5
SOS1,164,3
SOS1,157,2
SOS1,143,1
SPC1,16,5
SPC1,3,3
SPC1,38,2
SPC1,93,1
SPC2,16,5
SPC2,38,3
SPC2,39,2
SPC2,42,1
STA1,99,5
STA1,103,3
STA1,105,2
STA1,100,1
STA2,40,5
STA2,39,3
STA2,38,2
STA2,41,1
STE1,3,5
STE1,12,3
STE1,16,2
STE1,13,1
SYN1,33,5
SYN1,34,3
SYN1,31,2
SYN1,14,1
SYN2,10,5
SYN2,11,3
SYN2,1,2
SYN2,12,1
TAX1,2,5
TAX1,22,3
TAX1,12,2
TAX1,171,1
TEC0,56,5
TEC0,77,3
TEC0,57,2
TEC0,76,1
TEL1,15,5
TEL1,12,3
TEL1,33,2
TEL1,1,1
THE1,15,5
THE1,243,3
THE1,244,2
THE1,8,1
TCS1,56,5
TCS1,12,3
TCS1,71,2
TCS1,72,1
TED1,16,5
TED1,98,3
TED1,100,2
TED1,94,1
TIM1,285,5
TIM1,283,3
TIM1,282,2
TIM1,278,1
TPL1,13,5
TPL1,12,3
TPL1,16,2
TPL1,37,1
TPN1,7,5
TPN1,12,3
TPN1,8,2
TPN1,14,1
TYG1,1,5
TYG1,11,3
TYG1,249,2
TYG1,24,1
ZLO1,167,5
ZLO1,17,3
ZLO1,169,2
ZLO1,171,1
ACA1,2,5
ACA1,12,4
ACA1,37,3
ACA1,38,1
ACA2,167,5
ACA2,157,4
ACA2,156,3
ACA2,171,1
AEB1,2,5
AEB1,17,4
AEB1,174,3
AEB1,177,1
AEL1,143,5
AEL1,138,4
AEL1,16,3
AEL1,135,1
AEP1,2,5
AEP1,16,4
AEP1,156,3
AEP1,171,1
AEE1,108,5
AEE1,86,4
AEE1,135,3
AEE1,137,1
AGB1,156,5
AGB1,166,4
AGB1,157,3
AGB1,2,1
AGG1,143,5
AGG1,144,4
AGG1,155,3
AGG1,157,1
AGN2,157,5
AGN2,164,4
AGN2,166,3
AGN2,167,1
AGS1,2,5
AGS1,157,4
AGS1,171,3
AGS1,166,1
ANA1,179,5
ANA1,173,4
ANA1,183,3
ANA1,181,1
AND1,183,5
AND1,17,4
AND1,177,3
AND1,2,1
ANG1,17,5
ANG1,16,4
ANG1,3,3
ANG1,183,1
ARA1,2,5
ARA1,174,4
ARA1,22,3
ARA1,173,1
ARA2,22,5
ARA2,12,4
ARA2,8,3
ARA2,11,1
ARE1,22,5
ARE1,8,4
ARE1,12,3
ARE1,35,1
ARI1,112,5
ARI1,116,4
ARI1,113,3
ARI1,114,1
ARS1,8,5
ARS1,23,4
ARS1,24,3
ARS1,245,1
ARI2,193,5
ARI2,13,4
ARI2,14,3
ARI2,24,1
ART2,1,5
ART2,17,4
ART2,3,3
ART2,12,1
ART3,2,5
ART3,174,4
ART3,17,3
ART3,173,1
AST1,2,5
AST1,157,4
AST1,174,3
AST1,168,1
AST2,138,5
AST2,16,4
AST2,12,3
AST2,141,1
ASB1,2,5
ASB1,16,4
ASB1,138,3
ASB1,171,1
ASD1,16,5
ASD1,73,4
ASD1,71,3
ASD1,135,1
ASG1,143,5
ASG1,138,4
ASG1,142,3
ASG1,157,1
ASP1,138,5
ASP1,139,4
ASP1,142,3
ASP1,136,1
ATM1,16,5
ATM1,147,4
ATM1,154,3
ATM1,157,1
AUD1,17,5
AUD1,16,4
AUD1,12,3
AUD1,1,1
AUX1,17,5
AUX1,1,4
AUX1,19,3
AUX1,2,1
BAC1,174,5
BAC1,177,4
BAC1,2,3
BAC1,175,1
BAT1,2,5
BAT1,157,4
BAT1,167,3
BAT1,166,1
BEG1,172,5
BEG1,157,4
BEG1,177,3
BEG1,2,1
BIB1,11,5
BIB1,27,4
BIB1,28,3
BIB1,23,1
BIB2,12,5
BIB2,9,4
BIB2,24,3
BIB2,2,1
BOG1,16,5
BOG1,6,4
BOG1,156,3
BOG1,157,1
BOM1,17,5
BOM1,10,4
BOM1,1,3
BOM1,2,1
BRO1,192,5
BRO1,193,4
BRO1,191,3
BRO1,194,1
CAC1,172,5
CAC1,177,4
CAC1,174,3
CAC1,178,1
CAL1,16,5
CAL1,98,4
CAL1,94,3
CAL1,147,1
CRC1,2,5
CRC1,22,4
CRC1,1,3
CRC1,17,1
CRI1,2,5
CRI1,157,4
CRI1,166,3
CRI1,167,1
CRP1,166,5
CRP1,157,4
CRP1,171,3
CRP1,3,1
CRT1,7,5
CRT1,12,4
CRT1,8,3
CRT1,1,1
CAT1,97,5
CAT1,96,4
CAT1,92,3
CAT1,38,1
CEM1,138,5
CEM1,142,4
CEM1,136,3
CEM1,140,1
CEB1,2,5
CEB1,173,4
CEB1,174,3
CEB1,177,1
CHA2,17,5
CHA2,15,4
CHA2,11,3
CHA2,1,1
CHI1,11,5
CHI1,27,4
CHI1,239,3
CHI1,1,1
CHR1,1,5
CHR1,15,4
CHR1,16,3
CHR1,12,1
CHR2,102,5
CHR2,103,4
CHR2,101,3
CHR2,104,1
CIE1,109,5
CIE1,114,4
CIE1,113,3
CIE1,119,1
CLI2,149,5
CLI2,147,4
CLI2,150,3
CLI2,148,1
COD1,11,5
COD1,12,4
COD1,38,3
COD1,39,1
COS2,24,5
COS2,20,4
COS2,19,3
COS2,25,1
CON1,16,5
CON1,147,4
CON1,148,3
CON1,1,1
COP1,2,5
COP1,17,4
COP1,37,3
COP1,38,1
CSC1,138,5
CSC1,16,4
CSC1,12,3
CSC1,13,1
CSL1,138,5
CSL1,139,4
CSL1,142,3
CSL1,135,1
CRI2,230,5
CRI2,20,4
CRI2,18,3
CRI2,198,1
CRY1,2,5
CRY1,174,4
CRY1,157,3
CRY1,177,1
CRY2,55,5
CRY2,54,4
CRY2,56,3
CRY2,76,1
CYN1,17,5
CYN1,289,4
CYN1,288,3
CYN1,167,1
CYT1,173,5
CYT1,174,4
CYT1,177,3
CYT1,183,1
DAS1,39,5
DAS1,38,4
DAS1,34,3
DAS1,42,1
DEN1,183,5
DEN1,17,4
DEN1,2,3
DEN1,3,1
DIA1,10,5
DIA1,11,4
DIA1,237,3
DIA1,24,1
DIO1,16,5
DIO1,93,4
DIO1,96,3
DIO1,42,1
DYN1,99,5
DYN1,16,4
DYN1,98,3
DYN1,47,1
DYS1,172,5
DYS1,2,4
DYS1,171,3
DYS1,177,1
ECO1,156,5
ECO1,157,4
ECO1,159,3
ECO1,163,1
ECO0,18,5
ECO0,211,4
ECO0,212,3
ECO0,214,1
EDA1,157,5
EDA1,155,4
EDA1,143,3
EDA1,154,1
ELE1,108,5
ELE1,88,4
ELE1,94,3
ELE1,95,1
ELC1,3,5
ELC1,16,4
ELC1,12,3
ELC1,13,1
END1,183,5
END1,177,4
END1,17,3
END1,174,1
ENE1,119,5
ENE1,120,4
ENE1,16,3
ENE1,125,1
ENS1,106,5
ENS1,107,4
ENS1,110,3
ENS1,108,1
ENT1,2,5
ENT1,12,4
ENT1,13,3
ENT1,38,1
ENZ1,2,5
ENZ1,12,4
ENZ1,174,3
ENZ1,17,1
EPI1,185,5
EPI1,16,4
EPI1,37,3
EPI1,38,1
ETH2,169,5
ETH2,157,4
ETH2,171,3
ETH2,167,1
ETY1,10,5
ETY1,11,4
ETY1,12,3
ETY1,14,1
EVB1,172,5
EVB1,22,4
EVB1,171,3
EVB1,157,1
EXO1,2,5
EXO1,16,4
EXO1,171,3
EXO1,12,1
FDY1,99,5
FDY1,100,4
FDY1,36,3
FDY1,37,1
FLM1,99,5
FLM1,16,4
FLM1,100,3
FLM1,38,1
FUT1,15,5
FUT1,42,4
FUT1,44,3
FUT1,18,1
GEM1,12,5
GEM1,1,4
GEM1,2,3
GEM1,143,1
GES1,19,5
GES1,20,4
GES1,15,3
GES1,21,1
GEN2,172,5
GEN2,174,4
GEN2,177,3
GEN2,161,1
GOC1,143,5
GOC1,3,4
GOC1,16,3
GOC1,37,1
GOC2,143,5
GOC2,137,4
GOC2,138,3
GOC2,142,1
GOD1,7,5
GOD1,143,4
GOD1,12,3
GOD1,16,1
GMG1,143,5
GMG1,7,4
GMG1,146,3
GMG1,149,1
GML1,143,5
GML1,157,4
GML1,154,3
GML1,149,1
GOP1,143,5
GOP1,16,4
GOP1,147,3
GOP1,146,1
GOP2,164,5
GOP2,156,4
GOP2,157,3
GOP2,163,1
GOT1,143,5
GOT1,16,4
GOT1,111,3
GOT1,157,1
GER1,17,5
GER1,16,4
GER1,19,3
GER1,2,1
GNO1,2,5
GNO1,12,4
GNO1,174,3
GNO1,17,1
GRM1,2,5
GRM1,157,4
GRM1,166,3
GRM1,171,1
GRP1,27,5
GRP1,11,4
GRP1,12,3
GRP1,1,1
GYN1,17,5
GYN1,3,4
GYN1,1,3
GYN1,183,1
HAR1,14,5
HAR1,15,4
HAR1,77,3
HAR1,79,1
HLL1,16,5
HLL1,138,4
HLL1,36,3
HLL1,38,1
HLS1,16,5
HLS1,12,4
HLS1,38,3
HLS1,39,1
HEP1,183,5
HEP1,177,4
HEP1,173,3
HEP1,174,1
HER1,8,5
HER1,11,4
HER1,15,3
HER1,1,1
HER2,172,5
HER2,171,4
HER2,157,3
HER2,174,1
HER3,2,5
HER3,167,4
HER3,157,3
HER3,166,1
HIP1,17,5
HIP1,167,4
HIP1,164,3
HIP1,289,1
HOS1,8,5
HOS1,11,4
HOS1,34,3
HOS1,15,1
HOT1,8,5
HOT1,16,4
HOT1,35,3
HOT1,20,1
HOR1,1,5
HOR1,14,4
HOR1,24,3
HOR1,37,1
HOR2,12,5
HOR2,14,4
HOR2,15,3
HOR2,1,1
HLO1,154,5
HLO1,143,4
HLO1,157,3
HLO1,151,1
HYG1,16,5
HYG1,38,4
HYG1,39,3
HYG1,1,1
HYG2,16,5
HYG2,38,4
HYG2,39,3
HYG2,2,1
ICH1,167,5
ICH1,171,4
ICH1,157,3
ICH1,2,1
ICO1,5,5
ICO1,11,4
ICO1,15,3
ICO1,1,1
IML1,174,5
IML1,177,4
IML1,183,3
IML1,185,1
ITE1,56,5
ITE1,63,4
ITE1,64,3
ITE1,66,1
KAL1,1,5
KAL1,15,4
KAL1,14,3
KAL1,5,1
LEX1,10,5
LEX1,12,4
LEX1,14,3
LEX1,237,1
LIM1,2,5
LIM1,171,4
LIM1,157,3
LIM1,167,1
LOX1,16,5
LOX1,7,4
LOX1,8,3
LOX1,62,1
MAL1,2,5
MAL1,157,4
MAL1,1,3
MAL1,171,1
MAM1,17,5
MAM1,172,4
MAM1,21,3
MAM1,1,1
MEE1,106,5
MEE1,107,4
MEE1,109,3
MEE1,99,1
MIM1,183,5
MIM1,16,4
MIM1,177,3
MIM1,185,1
MEL1,2,5
MEL1,12,4
MEL1,1,3
MEL1,5,1
MLL1,143,5
MLL1,144,4
MLL1,145,3
MLL1,171,1
MLL2,102,5
MLL2,103,4
MLL2,106,3
MLL2,101,1
MSC1,35,5
MSC1,34,4
MSC1,241,3
MSC1,33,1
MTR1,138,5
MTR1,16,4
MTR1,142,3
MTR1,135,1
MTR2,147,5
MTR2,149,4
MTR2,148,3
MTR2,136,1
MTH1,34,5
MTH1,35,4
MTH1,37,3
MTH1,38,1
MTR3,37,5
MTR3,38,4
MTR3,39,3
MTR3,35,1
MPH2,166,5
MPH2,157,4
MPH2,172,3
MPH2,164,1
MIN1,143,5
MIN1,144,4
MIN1,172,3
MIN1,174,1
MOB1,2,5
MOB1,174,4
MOB1,172,3
MOB1,177,1
MOR2,12,5
MOR2,13,4
MOR2,38,3
MOR2,39,1
MSC2,2,5
MSC2,166,4
MSC2,157,3
MSC2,171,1
MSE1,11,5
MSE1,245,4
MSE1,1,3
MSE1,8,1
MYC1,2,5
MYC1,3,4
MYC1,13,3
MYC1,12,1
NAN1,105,5
NAN1,16,4
NAN1,113,3
NAN1,86,1
NAU1,134,5
NAU1,135,4
NAU1,62,3
NAU1,137,1
NEM1,2,5
NEM1,174,4
NEM1,177,3
NEM1,157,1
NRS1,181,5
NRS1,182,4
NRS1,183,3
NRS1,174,1
NOS1,183,5
NOS1,172,4
NOS1,174,3
NOS1,177,1
NUS1,191,5
NUS1,17,4
NUS1,183,3
NUS1,193,1
OBS1,183,5
OBS1,17,4
OBS1,52,3
OBS1,184,1
OCE1,152,5
OCE1,156,4
OCE1,157,3
OCE1,159,1
OEN1,15,5
OEN1,14,4
OEN1,18,3
OEN1,17,1
ONC1,183,5
ONC1,17,4
ONC1,52,3
ONC1,185,1
ONO2,10,5
ONO2,12,4
ONO2,24,3
ONO2,14,1
ONT1,15,5
ONT1,12,4
ONT1,35,3
ONT1,241,1
OPH1,183,5
OPH1,177,4
OPH1,180,3
OPH1,181,1
OPT2,183,5
OPT2,177,4
OPT2,16,3
OPT2,181,1
ORM1,96,5
ORM1,99,4
ORM1,73,3
ORM1,135,1
ORC2,2,5
ORC2,12,4
ORC2,13,3
ORC2,172,1
ORG1,14,5
ORG1,11,4
ORG1,15,3
ORG1,1,1
ORN1,2,5
ORN1,16,4
ORN1,171,3
ORN1,157,1
ORO1,143,5
ORO1,157,4
ORO1,147,3
ORO1,145,1
OTO1,183,5
OTO1,177,4
OTO1,181,3
OTO1,174,1
PLN1,143,5
PLN1,22,4
PLN1,142,3
PLN1,171,1
PAL1,2,5
PAL1,12,4
PAL1,38,3
PAL1,39,1
PSI1,2,5
PSI1,17,4
PSI1,174,3
PSI1,177,1
PAT1,2,5
PAT1,12,4
PAT1,183,3
PAT1,174,1
PDG1,23,5
PDG1,29,4
PDG1,30,3
PDG1,31,1
PED1,17,5
PED1,23,4
PED1,183,3
PED1,3,1
PED2,143,5
PED2,157,4
PED2,154,3
PED2,155,1
PEL1,157,5
PEL1,2,4
PEL1,3,3
PEL1,156,1
PET1,143,5
PET1,144,4
PET1,145,3
PET1,146,1
PHC1,183,5
PHC1,190,4
PHC1,177,3
PHC1,16,1
PHA1,15,5
PHA1,16,4
PHA1,8,3
PHA1,12,1
PTB1,2,5
PTB1,16,4
PTB1,17,3
PTB1,174,1
PTN1,96,5
PTN1,97,4
PTN1,16,3
PTN1,38,1
PYC1,2,5
PYC1,156,4
PYC1,17,3
PYC1,157,1
PYS2,180,5
PYS2,17,4
PYS2,173,3
PYS2,181,1
PIS1,15,5
PIS1,17,4
PIS1,11,3
PIS1,243,1
PLS1,138,5
PLS1,143,4
PLS1,139,3
PLS1,141,1
PNE1,16,5
PNE1,43,4
PNE1,37,3
PNE1,99,1
PNE2,16,5
PNE2,17,4
PNE2,183,3
PNE2,38,1
POS2,20,5
POS2,208,4
POS2,207,3
POS2,209,1
PRA1,10,5
PRA1,24,4
PRA1,12,3
PRA1,11,1
PRI1,1,5
PRI1,245,4
PRI1,11,3
PRI1,251,1
PRO1,2,5
PRO1,12,4
PRO1,13,3
PRO1,38,1
PRO2,17,5
PRO2,19,4
PRO2,20,3
PRO2,198,1
PSE2,97,5
PSE2,96,4
PSE2,16,3
PSE2,12,1
PYG1,17,5
PYG1,2,4
PYG1,171,3
PYG1,12,1
PTE1,2,5
PTE1,157,4
PTE1,167,3
PTE1,166,1
PHE2,184,5
PHE2,183,4
PHE2,185,3
PHE2,159,1
PYG2,245,5
PYG2,1,4
PYG2,249,3
PYG2,251,1
PYT1,16,5
PYT1,36,4
PYT1,37,3
PYT1,38,1
QCO1,56,5
QCO1,77,4
QCO1,76,3
QCO1,79,1
RAD2,2,5
RAD2,16,4
RAD2,174,3
RAD2,17,1
SCA1,2,5
SCA1,15,4
SCA1,1,3
SCA1,12,1
SCI1,1,5
SCI1,14,4
SCI1,11,3
SCI1,13,1
SCO1,24,5
SCO1,34,4
SCO1,35,3
SCO1,37,1
SED1,143,5
SED1,156,4
SED1,157,3
SED1,154,1
SEI1,143,5
SEI1,147,4
SEI1,146,3
SEI1,136,1
SEM2,10,5
SEM2,12,4
SEM2,14,3
SEM2,15,1
SEX1,17,5
SEX1,19,4
SEX1,20,3
SEX1,11,1
SOS2,19,5
SOS2,20,4
SOS2,21,3
SOS2,24,1
SCB1,2,5
SCB1,17,4
SCB1,19,3
SCB1,198,1
SCL2,10,5
SCL2,20,4
SCL2,11,3
SCL2,237,1
SOM1,99,5
SOM1,101,4
SOM1,16,3
SOM1,100,1
SPL1,143,5
SPL1,16,4
SPL1,152,3
SPL1,157,1
SPR2,13,5
SPR2,17,4
SPR2,172,3
SPR2,171,1
SAS1,138,5
SAS1,141,4
SAS1,142,3
SAS1,139,1
STE2,12,5
STE2,11,4
STE2,10,3
STE2,35,1
STR1,143,5
STR1,145,4
STR1,142,3
STR1,146,1
STY1,11,5
STY1,27,4
STY1,12,3
STY1,34,1
SUC1,3,5
SUC1,12,4
SUC1,16,3
SUC1,13,1
SUR1,183,5
SUR1,177,4
SUR1,179,3
SUR1,17,1
SYB1,2,5
SYB1,12,4
SYB1,178,3
SYB1,17,1
SYE1,118,5
SYE1,44,4
SYE1,36,3
SYE1,84,1
SYS1,44,5
SYS1,42,4
SYS1,36,3
SYS1,38,1
TEC2,143,5
TEC2,145,4
TEC2,146,3
TEC2,156,1
TER1,2,5
TER1,12,4
TER1,3,3
TER1,171,1
TEX1,11,5
TEX1,12,4
TEX1,27,3
TEX1,24,1
THA1,17,5
THA1,6,4
THA1,16,3
THA1,15,1
THA2,15,5
THA2,52,4
THA2,51,3
THA2,8,1
THS1,183,5
THS1,177,4
THS1,184,3
THS1,186,1
TEK1,16,5
TEK1,38,4
TEK1,39,3
TEK1,98,1
TEL2,16,5
TEL2,37,4
TEL2,38,3
TEL2,98,1
TPG1,7,5
TPG1,143,4
TPG1,137,3
TPG1,138,1
TOX1,2,5
TOX1,16,4
TOX1,52,3
TOX1,51,1
URA1,138,5
URA1,139,4
URA1,142,3
URA1,135,1
UPL1,231,5
UPL1,233,4
UPL1,211,3
UPL1,207,1
URO1,2,5
URO1,1,4
URO1,3,3
URO1,17,1
VME1,17,5
VME1,167,4
VME1,168,3
VME1,183,1
VIR1,174,5
VIR1,12,4
VIR1,176,3
VIR1,2,1
VIT1,1,5
VIT1,14,4
VIT1,16,3
VIT1,245,1
VOL1,143,5
VOL1,145,4
VOL1,146,3
VOL1,147,1
XYL1,1,5
XYL1,43,4
XYL1,156,3
XYL1,36,1
ZCH1,3,5
ZCH1,17,4
ZCH1,18,3
ZCH1,2,1
ZGE1,7,5
ZGE1,168,4
ZGE1,157,3
ZGE1,171,1
ZPH1,16,5
ZPH1,173,4
ZPH1,181,3
ZPH1,182,1
ZPH2,157,5
ZPH2,16,4
ZPH2,2,3
ZPH2,167,1
ZTA1,167,5
ZTA1,172,4
ZTA1,169,3
ZTA1,171,1
ZYM1,195,5
ZYM1,193,4
ZYM1,14,3
ZYM1,178,1
ZYM2,3,5
ZYM2,14,4
ZYM2,15,3
ZYM2,175,1
ZYT1,4,5
ZYT1,23,4
ZYT1,37,3
ZYT1,1,1
ACA3,2,5
ACA3,174,4
ACA3,1,3
ACA3,172,2
ACA3,12,1
ACE1,4,5
ACE1,17,4
ACE1,183,3
ACE1,191,2
ACE1,15,1
AED2,16,5
AED2,12,4
AED2,43,3
AED2,135,2
AED2,42,1
AEN1,136,5
AEN1,87,4
AEN1,78,3
AEN1,135,2
AEN1,133,1
AGC1,3,5
AGC1,16,4
AGC1,13,3
AGC1,164,2
AGC1,38,1
AGE1,156,5
AGE1,163,4
AGE1,164,3
AGE1,157,2
AGE1,158,1
AGN3,18,5
AGN3,164,4
AGN3,157,3
AGN3,159,2
AGN3,153,1
ALG2,17,5
ALG2,16,4
ALG2,11,3
ALG2,12,2
ALG2,201,1
ALL1,2,5
ALL1,17,4
ALL1,52,3
ALL1,53,2
ALL1,183,1
ANA2,183,5
ANA2,17,4
ANA2,52,3
ANA2,53,2
ANA2,184,1
AND2,23,5
AND2,29,4
AND2,30,3
AND2,24,2
AND2,31,1
ANE1,147,5
ANE1,16,4
ANE1,151,3
ANE1,149,2
ANE1,154,1
ANT1,21,5
ANT1,19,4
ANT1,20,3
ANT1,22,2
ANT1,5,1
AEC1,156,5
AEC1,152,4
AEC1,157,3
AEC1,143,2
AEC1,151,1
ARO1,20,5
ARO1,8,4
ARO1,22,3
ARO1,21,2
ARO1,9,1
ARE2,138,5
ARE2,143,4
ARE2,135,3
ARE2,152,2
ARE2,157,1
ARO2,17,5
ARO2,14,4
ARO2,2,3
ARO2,198,2
ARO2,201,1
AST3,16,5
AST3,17,4
AST3,183,3
AST3,2,2
AST3,186,1
ASB2,16,5
ASB2,157,4
ASB2,166,3
ASB2,156,2
ASB2,164,1
ASN2,135,5
ASN2,137,4
ASN2,138,3
ASN2,139,2
ASN2,136,1
AUT3,156,5
AUT3,157,4
AUT3,167,3
AUT3,168,2
AUT3,171,1
BAL1,16,5
BAL1,42,4
BAL1,37,3
BAL1,38,2
BAL1,99,1
BAL2,16,5
BAL2,17,4
BAL2,1,3
BAL2,2,2
BAL2,183,1
BAR2,113,5
BAR2,114,4
BAR2,108,3
BAR2,106,2
BAR2,109,1
BAT2,152,5
BAT2,143,4
BAT2,138,3
BAT2,151,2
BAT2,141,1
BAT3,2,5
BAT3,17,4
BAT3,168,3
BAT3,157,2
BAT3,174,1
BNR1,17,5
BNR1,16,4
BNR1,12,3
BNR1,3,2
BNR1,2,1
BOE1,156,5
BOE1,157,4
BOE1,167,3
BOE1,171,2
BOE1,172,1
BOM2,17,5
BOM2,16,4
BOM2,2,3
BOM2,174,2
BOM2,171,1
BON1,18,5
BON1,19,4
BON1,2,3
BON1,21,2
BON1,20,1
BOP2,17,5
BOP2,16,4
BOP2,181,3
BOP2,2,2
BOP2,174,1
BOT2,2,5
BOT2,16,4
BOT2,12,3
BOT2,37,2
BOT2,38,1
BRY1,166,5
BRY1,157,4
BRY1,172,3
BRY1,171,2
BRY1,164,1
BUS1,216,5
BUS1,217,4
BUS1,211,3
BUS1,218,2
BUS1,219,1
CAL2,21,5
CAL2,157,4
CAL2,168,3
CAL2,2,2
CAL2,166,1
CAM1,20,5
CAM1,24,4
CAM1,25,3
CAM1,26,2
CAM1,18,1
CAM2,14,5
CAM2,12,4
CAM2,3,3
CAM2,16,2
CAM2,1,1
CRL1,183,5
CRL1,177,4
CRL1,181,3
CRL1,182,2
CRL1,184,1
CAT2,18,5
CAT2,20,4
CAT2,21,3
CAT2,22,2
CAT2,211,1
CAT3,23,5
CAT3,27,4
CAT3,31,3
CAT3,32,2
CAT3,1,1
CET1,168,5
CET1,171,4
CET1,157,3
CET1,174,2
CET1,156,1
CHI2,183,5
CHI2,179,4
CHI2,177,3
CHI2,180,2
CHI2,191,1
CHO2,7,5
CHO2,157,4
CHO2,2,3
CHO2,21,2
CHO2,156,1
CHR3,18,5
CHR3,20,4
CHR3,211,3
CHR3,19,2
CHR3,212,1
CRB1,2,5
CRB1,17,4
CRB1,174,3
CRB1,37,2
CRB1,171,1
CIV1,20,5
CIV1,9,4
CIV1,204,3
CIV1,207,2
CIV1,208,1
CLI3,16,5
CLI3,17,4
CLI3,183,3
CLI3,182,2
CLI3,171,1
CGS1,12,5
CGS1,17,4
CGS1,35,3
CGS1,15,2
CGS1,33,1
COL1,2,5
COL1,17,4
COL1,157,3
COL1,168,2
COL1,172,1
COM1,138,5
COM1,142,4
COM1,143,3
COM1,135,2
COM1,157,1
CON2,157,5
CON2,172,4
CON2,1,3
CON2,144,2
CON2,177,1
CON3,12,5
CON3,38,4
CON3,174,3
CON3,3,2
CON3,39,1
COM2,16,5
COM2,37,4
COM2,106,3
COM2,99,2
COM2,100,1
CTE1,16,5
CTE1,12,4
CTE1,3,3
CTE1,2,2
CTE1,171,1
CUS2,23,5
CUS2,29,4
CUS2,33,3
CUS2,24,2
CUS2,30,1
CYB1,56,5
CYB1,44,4
CYB1,42,3
CYB1,76,2
CYB1,77,1
CYC1,147,5
CYC1,16,4
CYC1,149,3
CYC1,148,2
CYC1,150,1
DAC1,1,5
DAC1,11,4
DAC1,12,3
DAC1,245,2
DAC1,13,1
DAC2,12,5
DAC2,17,4
DAC2,3,3
DAC2,19,2
DAC2,2,1
DAC3,10,5
DAC3,23,4
DAC3,17,3
DAC3,24,2
DAC3,198,1
DEM1,229,5
DEM1,21,4
DEM1,227,3
DEM1,23,2
DEM1,228,1
DEN2,157,5
DEN2,2,4
DEN2,143,3
DEN2,12,2
DEN2,174,1
DEN3,157,5
DEN3,166,4
DEN3,171,3
DEN3,167,2
DEN3,172,1
DER1,12,5
DER1,1,4
DER1,2,3
DER1,3,2
DER1,17,1
DER2,183,5
DER2,179,4
DER2,177,3
DER2,184,2
DER2,190,1
DES1,2,5
DES1,16,4
DES1,173,3
DES1,177,2
DES1,1,1
DMT1,23,5
DMT1,29,4
DMT1,30,3
DMT1,31,2
DMT1,34,1
DIE1,191,5
DIE1,183,4
DIE1,177,3
DIE1,184,2
DIE1,172,1
DIP1,10,5
DIP1,12,4
DIP1,3,3
DIP1,8,2
DIP1,11,1
DOS1,3,5
DOS1,17,4
DOS1,52,3
DOS1,183,2
DOS1,54,1
ECC1,3,5
ECC1,17,4
ECC1,183,3
ECC1,174,2
ECC1,191,1
EKI1,231,5
EKI1,20,4
EKI1,232,3
EKI1,207,2
EKI1,21,1
ELD1,16,5
ELD1,93,4
ELD1,55,3
ELD1,56,2
ELD1,99,1
ELH1,16,5
ELH1,38,4
ELH1,39,3
ELH1,106,2
ELH1,37,1
ELM1,16,5
ELM1,56,4
ELM1,55,3
ELM1,96,2
ELM1,94,1
ELS1,16,5
ELS1,56,4
ELS1,55,3
ELS1,4,2
ELS1,92,1
EMM1,2,5
EMM1,12,4
EMM1,15,3
EMM1,171,2
EMM1,177,1
END2,2,5
END2,185,4
END2,183,3
END2,174,2
END2,17,1
ENT2,2,5
ENT2,174,4
ENT2,17,3
ENT2,173,2
ENT2,177,1
ENS2,159,5
ENS2,156,4
ENS2,157,3
ENS2,163,2
ENS2,158,1
EPH1,183,5
EPH1,177,4
EPH1,181,3
EPH1,182,2
EPH1,186,1
ERE1,143,5
ERE1,151,4
ERE1,157,3
ERE1,7,2
ERE1,16,1
ESC1,12,5
ESC1,7,4
ESC1,33,3
ESC1,1,2
ESC1,5,1
ETH3,18,5
ETH3,15,4
ETH3,20,3
ETH3,6,2
ETH3,203,1
ETI1,12,5
ETI1,16,4
ETI1,2,3
ETI1,35,2
ETI1,4,1
EUT1,19,5
EUT1,15,4
EUT1,53,3
EUT1,156,2
EUT1,163,1
EXO2,138,5
EXO2,143,4
EXO2,137,3
EXO2,135,2
EXO2,142,1
FEL1,167,5
FEL1,17,4
FEL1,288,3
FEL1,289,2
FEL1,157,1
FLU1,154,5
FLU1,153,4
FLU1,142,3
FLU1,143,2
FLU1,151,1
FOR1,157,5
FOR1,166,4
FOR1,168,3
FOR1,156,2
FOR1,158,1
FRM1,101,5
FRM1,103,4
FRM1,109,3
FRM1,106,2
FRM1,111,1
GAS1,183,5
GAS1,174,4
GAS1,177,3
GAS1,173,2
GAS1,171,1
GER2,17,5
GER2,21,4
GER2,183,3
GER2,15,2
GER2,16,1
GLA1,143,5
GLA1,151,4
GLA1,148,3
GLA1,156,2
GLA1,16,1
GNO2,12,5
GNO2,16,4
GNO2,13,3
GNO2,1,2
GNO2,35,1
GRP2,27,5
GRP2,12,4
GRP2,11,3
GRP2,24,2
GRP2,10,1
GRO1,7,5
GRO1,12,4
GRO1,37,3
GRO1,38,2
GRO1,8,1
GYR1,16,5
GYR1,12,4
GYR1,33,3
GYR1,99,2
GYR1,37,1
HAE1,16,5
HAE1,3,4
HAE1,12,3
HAE1,2,2
HAE1,38,1
HAL1,3,5
HAL1,157,4
HAL1,167,3
HAL1,1,2
HAL1,171,1
HEL1,2,5
HEL1,12,4
HEL1,171,3
HEL1,38,2
HEL1,174,1
HEM1,12,5
HEM1,17,4
HEM1,3,3
HEM1,183,2
HEM1,2,1
HEM2,16,5
HEM2,38,4
HEM2,2,3
HEM2,39,2
HEM2,12,1
HRO1,16,5
HRO1,3,4
HRO1,138,3
HRO1,142,2
HRO1,12,1
HIP2,168,5
HIP2,17,4
HIP2,167,3
HIP2,290,2
HIP2,169,1
HSL1,174,5
HSL1,17,4
HSL1,173,3
HSL1,180,2
HSL1,179,1
HEC1,23,5
HEC1,27,4
HEC1,193,3
HEC1,194,2
HEC1,191,1
HOR3,166,5
HOR3,164,4
HOR3,157,3
HOR3,286,2
HOR3,163,1
HYD1,106,5
HYD1,109,4
HYD1,113,3
HYD1,100,2
HYD1,94,1
HBI1,152,5
HBI1,156,4
HBI1,174,3
HBI1,157,2
HBI1,171,1
HDY1,100,5
HDY1,153,4
HDY1,157,3
HDY1,144,2
HDY1,151,1
HGE1,143,5
HGE1,154,4
HGE1,153,3
HGE1,157,2
HGE1,151,1
HGR1,152,5
HGR1,154,4
HGR1,153,3
HGR1,151,2
HGR1,143,1
HKI1,16,5
HKI1,38,4
HKI1,39,3
HKI1,100,2
HKI1,40,1
HME1,147,5
HME1,149,4
HME1,148,3
HME1,154,2
HME1,151,1
HST1,154,5
HST1,16,4
HST1,93,3
HST1,157,2
HST1,100,1
HYE1,16,5
HYE1,157,4
HYE1,1,3
HYE1,2,2
HYE1,148,1
HYG3,3,5
HYG3,17,4
HYG3,23,3
HYG3,52,2
HYG3,183,1
HYP1,17,5
HYP1,16,4
HYP1,186,3
HYP1,37,2
HYP1,38,1
HYP2,37,5
HYP2,143,4
HYP2,16,3
HYP2,38,2
HYP2,99,1
ICH2,1,5
ICH2,24,4
ICH2,27,3
ICH2,251,2
ICH2,245,1
ICH3,22,5
ICH3,143,4
ICH3,171,3
ICH3,12,2
ICH3,16,1
IDE2,15,5
IDE2,20,4
IDE2,21,3
IDE2,24,2
IDE2,6,1
IMC1,2,5
IMC1,174,4
IMC1,177,3
IMC1,17,2
IMC1,183,1
IMG1,177,5
IMG1,2,4
IMG1,172,3
IMG1,174,2
IMG1,12,1
IMP1,177,5
IMP1,183,4
IMP1,174,3
IMP1,172,2
IMP1,186,1
IRE1,20,5
IRE1,208,4
IRE1,211,3
IRE1,209,2
IRE1,204,1
KAR1,143,5
KAR1,157,4
KAR1,3,3
KAR1,16,2
KAR1,156,1
KAR2,12,5
KAR2,3,4
KAR2,17,3
KAR2,173,2
KAR2,18,1
KYM1,16,5
KYM1,42,4
KYM1,37,3
KYM1,38,2
KYM1,100,1
LAR1,183,5
LAR1,17,4
LAR1,3,3
LAR1,52,2
LAR1,184,1
LEP1,2,5
LEP1,17,4
LEP1,157,3
LEP1,168,2
LEP1,172,1
LEP2,2,5
LEP2,183,4
LEP2,12,3
LEP2,177,2
LEP2,174,1
LIC1,2,5
LIC1,12,4
LIC1,174,3
LIC1,1,2
LIC1,171,1
LML1,152,5
LML1,154,4
LML1,157,3
LML1,143,2
LML1,156,1
LOI1,185,5
LOI1,17,4
LOI1,18,3
LOI1,174,2
LOI1,177,1
MAC1,18,5
MAC1,211,4
MAC1,212,3
MAC1,214,2
MAC1,216,1
MAL2,2,5
MAL2,16,4
MAL2,38,3
MAL2,174,2
MAL2,171,1
MAB1,2,5
MAB1,151,4
MAB1,157,3
MAB1,156,2
MAB1,152,1
MEC2,16,5
MEC2,3,4
MEC2,12,3
MEC2,14,2
MEC2,183,1
MES1,26,5
MES1,24,4
MES1,25,3
MES1,249,2
MES1,248,1
MEL2,2,5
MEL2,157,4
MEL2,171,3
MEL2,167,2
MEL2,174,1
MLL3,101,5
MLL3,102,4
MLL3,105,3
MLL3,16,2
MLL3,58,1
MPO1,20,5
MPO1,204,4
MPO1,205,3
MPO1,209,2
MPO1,14,1
MTH2,3,5
MTH2,12,4
MTH2,17,3
MTH2,183,2
MTH2,191,1
MEC3,174,5
MEC3,156,4
MEC3,157,3
MEC3,177,2
MEC3,178,1
MCL1,149,5
MCL1,16,4
MCL1,147,3
MCL1,151,2
MCL1,154,1
MEC4,18,5
MEC4,211,4
MEC4,227,3
MEC4,218,2
MEC4,229,1
MLO1,174,5
MLO1,177,4
MLO1,172,3
MLO1,171,2
MLO1,182,1
MPA1,12,5
MPA1,143,4
MPA1,8,3
MPA1,22,2
MPA1,171,1
MIS1,20,5
MIS1,33,4
MIS1,34,3
MIS1,7,2
MIS1,9,1
MOL1,58,5
MOL1,106,4
MOL1,75,3
MOL1,109,2
MOL1,107,1
MYO1,179,5
MYO1,181,4
MYO1,171,3
MYO1,12,2
MYO1,16,1
MYR1,157,5
MYR1,174,4
MYR1,171,3
MYR1,2,2
MYR1,168,1
NAO1,1,5
NAO1,112,4
NAO1,245,3
NAO1,116,2
NAO1,8,1
NEC1,143,5
NEC1,16,4
NEC1,149,3
NEC1,147,2
NEC1,150,1
NEO1,183,5
NEO1,177,4
NEO1,173,3
NEO1,174,2
NEO1,184,1
NEO2,2,5
NEO2,168,4
NEO2,17,3
NEO2,167,2
NEO2,157,1
NEP1,147,5
NEP1,148,4
NEP1,151,3
NEP1,149,2
NEP1,16,1
NEP2,183,5
NEP2,173,4
NEP2,177,3
NEP2,174,2
NEP2,184,1
NRB1,181,5
NRB1,182,4
NRB1,177,3
NRB1,174,2
NRB1,183,1
NRE1,17,5
NRE1,20,4
NRE1,18,3
NRE1,45,2
NRE1,15,1
NRL1,181,5
NRL1,182,4
NRL1,183,3
NRL1,184,2
NRL1,185,1
NRP1,17,5
NRP1,181,4
NRP1,182,3
NRP1,183,2
NRP1,186,1
NEU2,17,5
NEU2,15,4
NEU2,181,3
NEU2,24,2
NEU2,11,1
NOM1,15,5
NOM1,9,4
NOM1,12,3
NOM1,11,2
NOM1,242,1
NOS2,17,5
NOS2,15,4
NOS2,18,3
NOS2,19,2
NOS2,186,1
NOT1,284,5
NOT1,283,4
NOT1,1,3
NOT1,5,2
NOT1,275,1
NUM1,284,5
NUM1,283,4
NUM1,1,3
NUM1,285,2
NUM1,22,1
NYM1,15,5
NYM1,1,4
NYM1,11,3
NYM1,243,2
NYM1,5,1
OHE1,48,5
OHE1,52,4
OHE1,51,3
OHE1,183,2
OHE1,49,1
ODO1,2,5
ODO1,157,4
ODO1,168,3
ODO1,171,2
ODO1,1,1
ODO2,12,5
ODO2,2,4
ODO2,3,3
ODO2,1,2
ODO2,183,1
OLF1,2,5
OLF1,17,4
OLF1,12,3
OLF1,16,2
OLF1,3,1
OMB1,149,5
OMB1,147,4
OMB1,151,3
OMB1,1,2
OMB1,2,1
ONE1,17,5
ONE1,12,4
ONE1,11,3
ONE1,15,2
ONE1,2,1
OOL1,17,5
OOL1,1,4
OOL1,2,3
OOL1,22,2
OOL1,171,1
OPH2,2,5
OPH2,17,4
OPH2,21,3
OPH2,22,2
OPH2,174,1
ORG2,2,5
ORG2,17,4
ORG2,173,3
ORG2,181,2
ORG2,177,1
ORT1,2,5
ORT1,17,4
ORT1,157,3
ORT1,1,2
ORT1,167,1
ORY1,143,5
ORY1,22,4
ORY1,142,3
ORY1,138,2
ORY1,172,1
OSM1,17,5
OSM1,16,4
OSM1,2,3
OSM1,11,2
OSM1,174,1
OST1,12,5
OST1,17,4
OST1,174,3
OST1,1,2
OST1,2,1
OTO2,183,5
OTO2,17,4
OTO2,3,3
OTO2,52,2
OTO2,186,1
PAE1,17,5
PAE1,21,4
PAE1,29,3
PAE1,198,2
PAE1,19,1
PME1,183,5
PME1,187,4
PME1,177,3
PME1,184,2
PME1,185,1
PLB1,22,5
PLB1,3,4
PLB1,12,3
PLB1,14,2
PLB1,171,1
PLC1,149,5
PLC1,143,4
PLC1,150,3
PLC1,157,2
PLC1,152,1
PLI1,2,5
PLI1,16,4
PLI1,22,3
PLI1,171,2
PLI1,173,1
PLP1,143,5
PLP1,155,4
PLP1,157,3
PLP1,154,2
PLP1,162,1
PLB2,22,5
PLB2,13,4
PLB2,15,3
PLB2,171,2
PLB2,156,1
PLS2,143,5
PLS2,16,4
PLS2,147,3
PLS2,146,2
PLS2,172,1
PAP1,11,5
PAP1,12,4
PAP1,22,3
PAP1,23,2
PAP1,8,1
PPS1,17,5
PPS1,11,4
PPS1,15,3
PPS1,12,2
PPS1,7,1
PDG2,23,5
PDG2,29,4
PDG2,30,3
PDG2,33,2
PDG2,19,1
PEN1,230,5
PEN1,198,4
PEN1,227,3
PEN1,209,2
PEN1,207,1
PER1,23,5
PER1,17,4
PER1,19,3
PER1,52,2
PER1,183,1
PES1,2,5
PES1,174,4
PES1,16,3
PES1,12,2
PES1,173,1
PHC2,2,5
PHC2,174,4
PHC2,183,3
PHC2,177,2
PHC2,190,1
PHA2,15,5
PHA2,3,4
PHA2,17,3
PHA2,2,2
PHA2,16,1
PHE3,2,5
PHE3,157,4
PHE3,174,3
PHE3,172,2
PHE3,17,1
PNE3,10,5
PNE3,17,4
PNE3,1,3
PNE3,11,2
PNE3,12,1
PYG3,171,5
PYG3,172,4
PYG3,2,3
PYG3,157,2
PYG3,158,1
PLU1,1,5
PLU1,17,4
PLU1,21,3
PLU1,16,2
PLU1,22,1
PLU2,18,5
PLU2,20,4
PLU2,211,3
PLU2,212,2
PLU2,217,1
POD1,183,5
POD1,17,4
POD1,3,3
POD1,16,2
POD1,184,1
POG1,17,5
POG1,11,4
POG1,1,3
POG1,24,2
POG1,21,1
POM1,164,5
POM1,157,4
POM1,166,3
POM1,171,2
POM1,1,1
POS3,183,5
POS3,190,4
POS3,174,3
POS3,17,2
POS3,178,1
POT1,157,5
POT1,143,4
POT1,154,3
POT1,142,2
POT1,151,1
PRA2,15,5
PRA2,17,4
PRA2,20,3
PRA2,19,2
PRA2,31,1
PRO3,3,5
PRO3,17,4
PRO3,183,3
PRO3,1,2
PRO3,12,1
PSE3,20,5
PSE3,19,4
PSE3,21,3
PSE3,24,2
PSE3,207,1
PYB1,17,5
PYB1,181,4
PYB1,177,3
PYB1,182,2
PYB1,174,1
PYL2,10,5
PYL2,12,4
PYL2,14,3
PYL2,24,2
PYL2,17,1
PYP1,17,5
PYP1,186,4
PYP1,183,3
PYP1,242,2
PYP1,201,1
PYP2,17,5
PYP2,12,4
PYP2,39,3
PYP2,38,2
PYP2,41,1
PTE2,2,5
PTE2,168,4
PTE2,17,3
PTE2,157,2
PTE2,167,1
PYR1,17,5
PYR1,3,4
PYR1,38,3
PYR1,2,2
PYR1,39,1
PYR2,12,5
PYR2,22,4
PYR2,8,3
PYR2,3,2
PYR2,17,1
QUT1,15,5
QUT1,19,4
QUT1,17,3
QUT1,20,2
QUT1,1,1
QUI1,3,5
QUI1,16,4
QUI1,2,3
QUI1,174,2
QUI1,12,1
RAD3,183,5
RAD3,16,4
RAD3,17,3
RAD3,184,2
RAD3,190,1
RHE1,16,5
RHE1,38,4
RHE1,39,3
RHE1,1,2
RHE1,101,1
RHE2,183,5
RHE2,17,4
RHE2,52,3
RHE2,53,2
RHE2,184,1
RHI1,2,5
RHI1,16,4
RHI1,1,3
RHI1,12,2
RHI1,174,1
ROB1,75,5
ROB1,77,4
ROB1,76,3
ROB1,86,2
ROB1,80,1
RUN1,11,5
RUN1,12,4
RUN1,1,3
RUN1,24,2
RUN1,5,1
SAR1,179,5
SAR1,17,4
SAR1,2,3
SAR1,173,2
SAR1,177,1
SCR1,284,5
SCR1,283,4
SCR1,282,3
SCR1,278,2
SCR1,1,1
SEL1,143,5
SEL1,16,4
SEL1,138,3
SEL1,137,2
SEL1,141,1
SEL2,138,5
SEL2,143,4
SEL2,144,3
SEL2,135,2
SEL2,145,1
SEM3,10,5
SEM3,12,4
SEM3,24,3
SEM3,15,2
SEM3,1,1
SER1,2,5
SER1,174,4
SER1,17,3
SER1,183,2
SER1,177,1
SID1,101,5
SID1,102,4
SID1,103,3
SID1,1,2
SID1,106,1
SIN2,12,5
SIN2,3,4
SIN2,38,3
SIN2,22,2
SIN2,8,1
SIT1,17,5
SIT1,23,4
SIT1,191,3
SIT1,183,2
SIT1,193,1
SHL1,154,5
SHL1,143,4
SHL1,157,3
SHL1,151,2
SHL1,156,1
SCE1,18,5
SCE1,19,4
SCE1,20,3
SCE1,21,2
SCE1,211,1
SPH1,16,5
SPH1,17,4
SPH1,1,3
SPH1,157,2
SPH1,156,1
SPH2,16,5
SPH2,12,4
SPH2,3,3
SPH2,37,2
SPH2,38,1
SPL2,174,5
SPL2,17,4
SPL2,173,3
SPL2,177,2
SPL2,171,1
STA3,20,5
STA3,207,4
STA3,208,3
STA3,211,2
STA3,9,1
STM1,11,5
STM1,12,4
STM1,2,3
STM1,1,2
STM1,183,1
SUI1,17,5
SUI1,11,4
SUI1,182,3
SUI1,186,2
SUI1,201,1
SYM1,17,5
SYM1,3,4
SYM1,186,3
SYM1,177,2
SYM1,1,1
SYN3,156,5
SYN3,157,4
SYN3,163,3
SYN3,168,2
SYN3,158,1
SYP1,2,5
SYP1,16,4
SYP1,17,3
SYP1,183,2
SYP1,12,1
SYS2,2,5
SYS2,172,4
SYS2,174,3
SYS2,157,2
SYS2,21,1
TAX2,1,5
TAX2,17,4
TAX2,22,3
TAX2,168,2
TAX2,21,1
TEL3,7,5
TEL3,156,4
TEL3,153,3
TEL3,157,2
TEL3,143,1
TEM1,147,5
TEM1,149,4
TEM1,148,3
TEM1,143,2
TEM1,150,1
THA3,152,5
THA3,151,4
THA3,157,3
THA3,159,2
THA3,149,1
THE2,2,5
THE2,167,4
THE2,17,3
THE2,171,2
THE2,174,1
THR1,167,5
THR1,166,4
THR1,164,3
THR1,172,2
THR1,157,1
THR2,191,5
THR2,17,4
THR2,193,3
THR2,194,2
THR2,183,1
TID1,151,5
TID1,16,4
TID1,143,3
TID1,154,2
TID1,149,1
TRA1,183,5
TRA1,177,4
TRA1,173,3
TRA1,174,2
TRA1,184,1
TRI1,12,5
TRI1,101,4
TRI1,106,3
TRI1,99,2
TRI1,38,1
TUR1,16,5
TUR1,143,4
TUR1,147,3
TUR1,1,2
TUR1,148,1
TYP1,2,5
TYP1,12,4
TYP1,17,3
TYP1,19,2
TYP1,174,1
URA2,138,5
URA2,139,4
URA2,142,3
URA2,137,2
URA2,141,1
URB1,231,5
URB1,232,4
URB1,218,3
URB1,233,2
URB1,207,1
URE1,16,5
URE1,1,4
URE1,144,3
URE1,2,2
URE1,5,1
URO2,183,5
URO2,177,4
URO2,173,3
URO2,179,2
URO2,184,1
VAC1,35,5
VAC1,183,4
VAC1,2,3
VAC1,3,2
VAC1,36,1
VAL1,17,5
VAL1,53,4
VAL1,159,3
VAL1,183,2
VAL1,163,1
VEN1,183,5
VEN1,185,4
VEN1,187,3
VEN1,184,2
VEN1,186,1
VEN2,2,5
VEN2,12,4
VEN2,3,3
VEN2,1,2
VEN2,38,1
VEX1,1,5
VEX1,25,4
VEX1,249,3
VEX1,245,2
VEX1,251,1
VEX2,7,5
VEX2,1,4
VEX2,24,3
VEX2,25,2
VEX2,11,1
VIC1,20,5
VIC1,198,4
VIC1,17,3
VIC1,229,2
VIC1,230,1
VIN1,3,5
VIN1,16,4
VIN1,172,3
VIN1,157,2
VIN1,2,1
VIT2,2,5
VIT2,12,4
VIT2,13,3
VIT2,38,2
VIT2,39,1
XEN1,2,5
XEN1,12,4
XEN1,17,3
XEN1,174,2
XEN1,13,1
XYL2,1,5
XYL2,251,4
XYL2,247,3
XYL2,249,2
XYL2,245,1
YOS1,17,5
YOS1,20,4
YOS1,5,3
YOS1,19,2
YOS1,11,1
ZEN1,138,5
ZEN1,140,4
ZEN1,16,3
ZEN1,144,2
ZEN1,141,1
ZAR1,22,5
ZAR1,17,4
ZAR1,171,3
ZAR1,157,2
ZAR1,21,1
ZGE2,157,5
ZGE2,143,4
ZGE2,172,3
ZGE2,174,2
ZGE2,171,1
ZNO1,177,5
ZNO1,174,4
ZNO1,173,3
ZNO1,167,2
ZNO1,171,1
ZNO2,167,5
ZNO2,174,4
ZNO2,177,3
ZNO2,171,2
ZNO2,170,1
ZPA1,167,5
ZPA1,174,4
ZPA1,169,3
ZPA1,171,2
ZPA1,177,1
ZPH3,167,5
ZPH3,173,4
ZPH3,180,3
ZPH3,182,2
ZPH3,181,1
ZTE1,167,5
ZTE1,170,4
ZTE1,169,3
ZTE1,172,2
ZTE1,177,1
ZYG1,4,5
ZYG1,37,4
ZYG1,38,3
ZYG1,39,2
ZYG1,12,1
ANT2,2,5
ANT2,21,4
ANT2,17,3
ANT2,173,3
ANT2,174,1
ANT3,167,5
ANT3,17,4
ANT3,157,3
ANT3,169,3
ANT3,171,1
CAS1,1,5
CAS1,12,4
CAS1,14,3
CAS1,37,3
CAS1,8,1
COS3,1,5
COS3,15,4
COS3,24,3
COS3,27,3
COS3,5,1
CRA1,1,5
CRA1,12,4
CRA1,17,3
CRA1,3,3
CRA1,15,1
DRE1,1,5
DRE1,5,4
DRE1,14,3
DRE1,11,3
DRE1,24,1
DEM2,229,5
DEM2,198,4
DEM2,19,3
DEM2,227,3
DEM2,228,1
EGY1,22,5
EGY1,8,4
EGY1,12,3
EGY1,11,3
EGY1,35,1
EID1,17,5
EID1,11,4
EID1,33,3
EID1,12,3
EID1,16,1
ELL1,16,5
ELL1,58,4
ELL1,57,3
ELL1,54,3
ELL1,55,1
EME1,17,5
EME1,2,4
EME1,183,3
EME1,1,3
EME1,3,1
EPI2,17,5
EPI2,16,4
EPI2,35,3
EPI2,183,3
EPI2,37,1
ERG1,17,5
ERG1,19,4
ERG1,20,3
ERG1,198,3
ERG1,183,1
ERG2,17,5
ERG2,23,4
ERG2,24,3
ERG2,31,3
ERG2,1,1
ETB1,5,5
ETB1,21,4
ETB1,22,3
ETB1,164,3
ETB1,2,1
ETB2,2,5
ETB2,157,4
ETB2,166,3
ETB2,167,3
ETB2,172,1
ETC1,5,5
ETC1,19,4
ETC1,21,3
ETC1,24,3
ETC1,25,1
ETG1,21,5
ETG1,20,4
ETG1,22,3
ETG1,6,3
ETG1,5,1
ETL1,21,5
ETL1,5,4
ETL1,19,3
ETL1,24,3
ETL1,25,1
ETM1,19,5
ETM1,20,4
ETM1,24,3
ETM1,6,3
ETM1,198,1
ETM2,14,5
ETM2,15,4
ETM2,24,3
ETM2,11,3
ETM2,5,1
FIN1,211,5
FIN1,212,4
FIN1,214,3
FIN1,215,3
FIN1,218,1
FOL1,21,5
FOL1,22,4
FOL1,3,3
FOL1,11,3
FOL1,5,1
GAR1,163,5
GAR1,158,4
GAR1,160,3
GAR1,157,3
GAR1,38,1
GEN3,21,5
GEN3,23,4
GEN3,8,3
GEN3,1,3
GEN3,27,1
GIG1,12,5
GIG1,16,4
GIG1,38,3
GIG1,1,3
GIG1,42,1
GRM2,10,5
GRM2,11,4
GRM2,27,3
GRM2,24,3
GRM2,1,1
HEL2,3,5
HEL2,17,4
HEL2,174,3
HEL2,12,3
HEL2,183,1
HSP1,12,5
HSP1,3,4
HSP1,1,3
HSP1,183,3
HSP1,174,1
HOP1,17,5
HOP1,19,4
HOP1,20,3
HOP1,269,3
HOP1,21,1
ICO2,1,5
ICO2,11,4
ICO2,245,3
ICO2,250,3
ICO2,249,1
IDI2,17,5
IDI2,31,4
IDI2,37,3
IDI2,38,3
IDI2,201,1
IRE2,19,5
IRE2,20,4
IRE2,21,3
IRE2,5,3
IRE2,24,1
KNS1,17,5
KNS1,24,4
KNS1,19,3
KNS1,20,3
KNS1,1,1
KNS2,17,5
KNS2,1,4
KNS2,16,3
KNS2,33,3
KNS2,183,1
KTE1,16,5
KTE1,12,4
KTE1,38,3
KTE1,39,3
KTE1,6,1
LAR2,229,5
LAR2,39,4
LAR2,38,3
LAR2,40,3
LAR2,18,1
LMB1,157,5
LMB1,152,4
LMB1,153,3
LMB1,2,3
LMB1,156,1
LOG2,38,5
LOG2,39,4
LOG2,42,3
LOG2,44,3
LOG2,236,1
MAG1,95,5
MAG1,16,4
MAG1,94,3
MAG1,96,3
MAG1,97,1
MGH1,16,5
MGH1,38,4
MGH1,39,3
MGH1,98,3
MGH1,100,1
MGS1,16,5
MGS1,94,4
MGS1,95,3
MGS1,96,3
MGS1,97,1
MOM1,22,5
MOM1,12,4
MOM1,23,3
MOM1,171,3
MOM1,156,1
MYT1,244,5
MYT1,245,4
MYT1,242,3
MYT1,1,3
MYT1,11,1
OIK1,4,5
OIK1,1,4
OIK1,5,3
OIK1,39,3
OIK1,53,1
ORT2,10,5
ORT2,24,4
ORT2,237,3
ORT2,238,3
ORT2,11,1
ORT3,10,5
ORT3,27,4
ORT3,238,3
ORT3,239,3
ORT3,11,1
PLA1,21,5
PLA1,22,4
PLA1,171,3
PLA1,12,3
PLA1,143,1
PLL1,143,5
PLL1,152,4
PLL1,16,3
PLL1,151,3
PLL1,154,1
POS4,22,5
POS4,12,4
POS4,143,3
POS4,174,3
POS4,171,1
PAR3,11,5
PAR3,17,4
PAR3,2,3
PAR3,19,3
PAR3,21,1
PNI1,10,5
PNI1,17,4
PNI1,1,3
PNI1,24,3
PNI1,11,1
POL1,20,5
POL1,9,4
POL1,11,3
POL1,19,3
POL1,204,1
PRI2,17,5
PRI2,21,4
PRI2,2,3
PRI2,171,3
PRI2,167,1
PYG4,17,5
PYG4,7,4
PYG4,11,3
PYG4,200,3
PYG4,1,1
PYB2,16,5
PYB2,1,4
PYB2,5,3
PYB2,37,3
PYB2,38,1
SIL1,16,5
SIL1,157,4
SIL1,166,3
SIL1,167,3
SIL1,172,1
SOM2,21,5
SOM2,17,4
SOM2,3,3
SOM2,174,3
SOM2,171,1
SPO1,2,5
SPO1,174,4
SPO1,157,3
SPO1,177,3
SPO1,1,1
STI1,173,5
STI1,174,4
STI1,2,3
STI1,177,3
STI1,17,1
STR2,1,5
STR2,20,4
STR2,21,3
STR2,22,3
STR2,5,1
SYM2,15,5
SYM2,12,4
SYM2,10,3
SYM2,11,3
SYM2,1,1
TEC3,156,5
TEC3,157,4
TEC3,158,3
TEC3,164,3
TEC3,159,1
TEU1,2,5
TEU1,157,4
TEU1,167,3
TEU1,172,3
TEU1,174,1
TON1,12,5
TON1,3,4
TON1,10,3
TON1,16,3
TON1,14,1
TRI2,1,5
TRI2,287,4
TRI2,24,3
TRI2,288,3
TRI2,17,1
TSI1,21,5
TSI1,5,4
TSI1,19,3
TSI1,17,3
TSI1,245,1
TYL1,1,5
TYL1,5,4
TYL1,12,3
TYL1,13,3
TYL1,38,1
WEB1,63,5
WEB1,56,4
WEB1,62,3
WEB1,64,3
WEB1,66,1
ZSE1,17,5
ZSE1,21,4
ZSE1,169,3
ZSE1,198,3
ZSE1,12,1
RHO1,42,5
RHO1,38,4
RHO1,39,3
RHO1,58,2
RHO1,44,2
RHO1,59,1
STR3,11,5
STR3,15,4
STR3,24,3
STR3,5,2
STR3,8,2
STR3,238,1
