topicID,lang,name,typeID,layer,description,version,url
ART0,en,Art,0,1,"Creative human expression across visual, auditory and performance media; the umbrella discipline for the fine arts",1,https://en.wikipedia.org/wiki/Art
BOL0,en,Biology,0,1,Science that studies life,1,https://en.wikipedia.org/wiki/Biology
CHE0,en,Chemistry,0,1,Scientific field of study – study of properties and behaviours of substances.,1,https://en.wikipedia.org/wiki/Chemistry
COS0,en,Computer science,0,1,Study of computation – study of processes that interact with data.,1,https://en.wikipedia.org/wiki/Computer_science
CUS0,en,Cultural studies,0,1,"Interdisciplinary analysis of culture, power and identity in everyday life and media",1,https://en.wikipedia.org/wiki/Cultural_studies
ETH0,en,Ethics,0,1,"Philosophical study of moral values, principles and decision-making",1,https://en.wikipedia.org/wiki/Ethics
GOG0,en,Geography,0,1,Study of lands and inhabitants of Earth – study of surface of the earth and its inhabitants,1,https://en.wikipedia.org/wiki/Geography
HSR0,en,History,0,1,Systematic study and interpretation of past events and human activities,1,https://en.wikipedia.org/wiki/History
LAW0,en,Law,0,1,System of rules created and enforced through social or governmental institutions to regulate behaviour,1,https://en.wikipedia.org/wiki/Law
LIN0,en,Linguistics,0,1,Scientific study of language,1,https://en.wikipedia.org/wiki/Linguistics
LIT0,en,Literature,0,1,Study and analysis of written and oral texts as artistic and cultural artefacts,1,https://en.wikipedia.org/wiki/Literature
LOG0,en,Logics,0,1,Study of correct reasoning,1,https://en.wikipedia.org/wiki/Logic
MAT0,en,Mathematics,0,1,"Area of knowledge – study of magnitude, number, and forms",1,https://en.wikipedia.org/wiki/Mathematics
MST0,en,Music theory,0,1,"Analytical study of music’s structures, systems and compositional techniques",1,https://en.wikipedia.org/wiki/Musicology
PHI0,en,Philosophy,0,1,Study of general and fundamental questions – science of knowledge or wisdom,1,https://en.wikipedia.org/wiki/Philosophy
PYS0,en,Physics,0,1,Scientific field of study,1,https://en.wikipedia.org/wiki/Physics
PYL0,en,Psychology,0,1,Study of mental functions and behaviors,1,https://en.wikipedia.org/wiki/Psychology
ABI1,en,Abiology,1,2,"Study of abiotic matter and physicochemical processes that occur independently of life, including those that may have preceded its origin",1,
ABI2,en,Abiophysiology,1,2,"Investigation of life-like physicochemical processes in non-living systems, especially as models for physiology",1,
ACO1,en,Acoustics,1,2,Branch of physics involving mechanical waves – the branch of physics studying the properties of sound.,1,https://en.wikipedia.org/wiki/Acoustics
ACT1,en,Actinobiology,1,2,Study of effects of radiation on living things – synonymous with radiobiology.,1,https://en.wikipedia.org/wiki/Actinobiology
AED1,en,Aerodynamics,1,2,Branch of dynamics concerned with studying the motion of air,1,https://en.wikipedia.org/wiki/Aerodynamics
AES1,en,Aerostatics,1,2,Study of gases that are not in motion,1,https://en.wikipedia.org/wiki/Aerostatics
AES2,en,Aesthetics,1,2,"Philosophical field that analyses beauty, taste and the creation or appreciation of art",1,https://en.wikipedia.org/wiki/Aesthetics
AGN1,en,Agnoiology,1,2,"Epistemological study of the varieties, sources and classifications of ignorance and the unknown",1,https://en.wikipedia.org/wiki/Agnoiology
AGO1,en,Agonistics,1,2,Chemical which binds to and activates a biochemical receptor,1,https://en.wikipedia.org/wiki/Agonistics
ALG1,en,Algebra,1,2,Branch of mathematics,1,https://en.wikipedia.org/wiki/Algebra
API1,en,Apiology,1,2,Scientific study of bees,1,https://en.wikipedia.org/wiki/Apiology
AHS1,en,Art history,1,2,"Scholarly study of artworks, artists and artistic movements in their cultural and historical contexts",1,https://en.wikipedia.org/wiki/Art_history
ASN0,en,Astronomy,0,2,Scientific study of celestial objects,1,https://en.wikipedia.org/wiki/Astronomy
ATS1,en,Atmospheric Science,1,2,Inter-disciplinary science that investigates the physical and chemical processes of Earth’s atmosphere,1,https://en.wikipedia.org/wiki/Aerology
AUT1,en,Autology,1,2,Word that expresses a property it also possesses – scientific study of oneself.,1,https://en.wikipedia.org/wiki/Autology
AUT2,en,Automata theory,1,2,Study of abstract machines and automata,1,https://en.wikipedia.org/wiki/Automata_theory
BAR1,en,Barology,1,2,study of gravitational force.,1,
BOC1,en,Biochemistry,1,2,Study of chemical processes in living organisms,1,https://en.wikipedia.org/wiki/Biochemistry
BOP1,en,Biophysics,1,2,Study of biological systems using methods from the physical sciences – study of physics of biological phenomena.,1,https://en.wikipedia.org/wiki/Biophysics
BOT1,en,Botany,1,2,Study of plant life,1,https://en.wikipedia.org/wiki/Botany
CHA1,en,Chaology,1,2,Field of mathematics and science based on non-linear systems and initial conditions,1,https://en.wikipedia.org/wiki/Chaology
CHT1,en,Chaos theory,1,2,Field of mathematics and science based on non-linear systems and initial conditions,1,https://en.wikipedia.org/wiki/Chaos_theory
CHO1,en,Chorology (geography),1,2,"Study of regional causal relationships between physical geographic phenomena (e.g., how topography, climate and soils interact within a delimited area)",1,https://en.wikipedia.org/wiki/Chorology
CLM1,en,Classical mechanics,1,2,Description of large objects' physics – study of motion of macroscopic objects.,1,https://en.wikipedia.org/wiki/Classical_mechanics
CLI1,en,Comparative literature,1,2,"Literary discipline comparing texts across languages, cultures and periods",1,https://en.wikipedia.org/wiki/Comparative_literature
EAS0,en,Earth Science,0,2,includes all fields of natural science related to the planet Earth.,1,https://en.wikipedia.org/wiki/Earth_science
EMB1,en,Embryology,1,2,Branch of biology studying prenatal biology,1,https://en.wikipedia.org/wiki/Embryology
ENG1,en,Engineering,2,2,"Profession applying scientific principles to design, build and optimise systems, structures and devices",1,https://en.wikipedia.org/wiki/Engineering
ENI1,en,Enigmatology,1,2,Problem or enigma that tests – study of enigmas (puzzles).,1,https://en.wikipedia.org/wiki/Enigmatology
FST1,en,Fluid statics,1,2,Branch of fluid mechanics that studies fluids at rest – study of fluids behaviour at rest.,1,https://en.wikipedia.org/wiki/Fluid_statics
FOS1,en,Food science,1,2,"Study of the physical, chemical and biological properties of food and food processing",1,https://en.wikipedia.org/wiki/Food_science
FOS2,en,Forensic science,1,2,Application of science to criminal and civil laws – the use of scientific methods or expertise to investigate crimes or examine evidence that might be presented in a court of law,1,https://en.wikipedia.org/wiki/Forensic_science
GEN1,en,Genetics,1,2,"Science of genes, heredity, and variation in living organisms",1,https://en.wikipedia.org/wiki/Genetics
GOM1,en,Geomatics,2,2,"Technology-driven discipline for acquiring, processing and visualising geospatial information",1,https://en.wikipedia.org/wiki/Geomatics
GOM2,en,Geometry,1,2,"Branch of mathematics – study the sizes, shapes, positions, angles and dimensions of things.",1,https://en.wikipedia.org/wiki/Geometry
GLO1,en,Glossology,1,2,Scientific study of language – study of language; study of the tongue,1,https://en.wikipedia.org/wiki/Glossology
GOO1,en,Googology,1,2,Numbers significantly larger than those used regularly – study of large numbers,1,https://en.wikipedia.org/wiki/Googology
HSR2,en,Historiography,1,2,Study of the methods used by historians,1,https://en.wikipedia.org/wiki/Historiography
HSR3,en,Historiology,1,2,The study of history.,1,https://en.wikipedia.org/wiki/Historiology
IDE1,en,Ideogeny,1,2,study of origins of ideas,1,
IDI1,en,Idiomology,1,2,"study of idiom, jargon or dialect",1,
INS0,en,Information science,0,2,Academic field concerned with collection and analysis of information,1,https://en.wikipedia.org/wiki/Information_science
ISE1,en,Information security,1,2,"Discipline protecting information assets against unauthorised access, disclosure or modification",1,https://en.wikipedia.org/wiki/Information_security
JAP1,en,Japanology,1,2,"Area studies focused on Japan – The study of Japan, its language, culture and history",1,https://en.wikipedia.org/wiki/Japanology
KNM1,en,Kinematics,1,2,Branch of physics describing the motion of objects without considering forces – study of motion,1,https://en.wikipedia.org/wiki/Kinematics
KNT1,en,Kinetics,1,2,Subfield of physics – study of forces producing or changing motion,1,https://en.wikipedia.org/wiki/Kinetics_(physics)
LUD1,en,Ludology,1,2,Study of games and the act of playing them,1,https://en.wikipedia.org/wiki/Ludology
MAS1,en,Materials science,1,2,"Interdisciplinary field exploring the properties, performance and applications of materials",1,https://en.wikipedia.org/wiki/Materials_science
MEC1,en,Mechanics,1,2,Science concerned with physical bodies subjected to forces or displacements,1,https://en.wikipedia.org/wiki/Mechanics
MED1,en,Medicine,1,2,"Diagnosis, treatment, and prevention of illness",1,https://en.wikipedia.org/wiki/Medicine
MER1,en,Mereology,1,2,Study of parts and the wholes they form – study of part-whole relationships,1,https://en.wikipedia.org/wiki/Mereology
MPH1,en,Metaphysics,1,2,Study of fundamental reality – study of principles of nature and thought,1,https://en.wikipedia.org/wiki/Metaphysics
MPS1,en,Metapsychology,1,2,Psychological aspect – study of nature of the mind,1,https://en.wikipedia.org/wiki/Metapsychology
MBI1,en,Microbiology,1,2,Study of microscopic organisms (microbes),1,https://en.wikipedia.org/wiki/Microbiology
MOR1,en,Morphology,1,2,study of forms and the development of structures,1,https://en.wikipedia.org/wiki/Morphology_(disambiguation)
MSI1,en,Musicology,1,2,Scholarly study of music – study of music,1,https://en.wikipedia.org/wiki/Musicology
NAV1,en,Navigation,1,2,Process of monitoring and controlling the movement of a craft or vehicle from one place to another – study of controlling a movement of a vehicle from one place to another,1,https://en.wikipedia.org/wiki/Navigation
NEU1,en,Neutrosophy,1,2,study of the origin and nature of philosophical neutralities,1,
NOO1,en,Noology,1,2,Spanish philosopher (1898–1983) – science of the intellect,1,https://en.wikipedia.org/wiki/Noology
ONO1,en,Onomastics,1,2,Study of proper names,1,https://en.wikipedia.org/wiki/Onomastics
OPT1,en,Optics,1,2,Branch of physics that studies light,1,https://en.wikipedia.org/wiki/Optics
ORC1,en,Organic chemistry,1,2,"Chemistry branch focused on the structure, properties and reactions of carbon-based compounds",1,https://en.wikipedia.org/wiki/Organic_chemistry
PLG1,en,Palaeography,1,2,"Study of ancient and historical handwriting forms to date, read and contextualise manuscripts",1,https://en.wikipedia.org/wiki/Palaeography
PDO1,en,Paradoxology,1,2,Logically self-contradictory statement – study of paradoxes,1,https://en.wikipedia.org/wiki/Paradoxology
PAR1,en,Paroemiology,1,2,study of proverbs,1,
PPY1,en,Particle physics,1,2,Study of subatomic particles and forces,1,https://en.wikipedia.org/wiki/Particle_physics
PAR2,en,Performing arts,6,2,"Creative disciplines (music, theatre, dance, etc.) presented live for an audience",1,https://en.wikipedia.org/wiki/Performing_arts
PHE1,en,Phenomenology,1,2,Philosophical method and schools of philosophy – study of phenomena,1,https://en.wikipedia.org/wiki/Phenomenology_(philosophy)
PHI2,en,Philology,1,2,Study of language in historical sources,1,https://en.wikipedia.org/wiki/Philology
POS1,en,Philosophy of science,1,2,"Critical inquiry into the foundations, methods and implications of scientific practice",1,https://en.wikipedia.org/wiki/Philosophy_of_science
PNO1,en,Phonology,1,2,Study of sound organization in languages,1,https://en.wikipedia.org/wiki/Phonology
PHR1,en,Phraseology,1,2,Linguistic study of phrases,1,https://en.wikipedia.org/wiki/Phraseology
PSE1,en,Pseudology,1,2,art or science of lying,1,
PUN1,en,Punnology,1,2,study of puns,1,
QUM1,en,Quantum mechanics,1,2,Description of physical properties at the atomic and subatomic scale – a fundamental theory in physics which describes nature at the smallest scales of energy levels of atoms and subatomic particles,1,https://en.wikipedia.org/wiki/Quantum_mechanics
RAD1,en,Radiochemistry,1,2,Chemistry of radioactive materials – study of ordinary chemical reactions under radioactive circumstances,1,https://en.wikipedia.org/wiki/Radiochemistry
SCH1,en,Schematonics,1,2,art of using gesture to express tones,1,
SMO1,en,Scientific modelling,1,2,Scientific activity that produces models – study of application of models to understand a particular problem,1,https://en.wikipedia.org/wiki/Scientific_modelling
SPR1,en,Scientific programming,1,2,Language for communicating instructions to a machine – study of programming,1,https://en.wikipedia.org/wiki/Programming_language
SEM1,en,Semantics,1,2,Study of meaning in language,1,https://en.wikipedia.org/wiki/Semantics
SIG1,en,Significs,1,2,Linguistic and philosophical term – science of meaning,1,https://en.wikipedia.org/wiki/Significs
SIN1,en,Sinology,1,2,Area studies focused on China,1,https://en.wikipedia.org/wiki/Sinology
SCL0,en,Sociology,0,2,Social science that studies human society and its development,1,https://en.wikipedia.org/wiki/Sociology
SOS1,en,Soil Science,1,2,"Soil science, study of soils, especially agricultural soils.",1,https://en.wikipedia.org/wiki/Soil_science
SPC1,en,Spectrology,1,2,Study involving matter and electromagnetic radiation,1,https://en.wikipedia.org/wiki/Spectrology
SPC2,en,Spectroscopy,1,2,Study involving matter and electromagnetic radiation – study of spectra,1,https://en.wikipedia.org/wiki/Spectroscopy
STA1,en,Statics,1,2,Branch of mechanics concerned with balance of forces in nonmoving systems,1,https://en.wikipedia.org/wiki/Statics
STA2,en,Statistics,1,2,"discipline that concerns the collection, organization, analysis, interpretation, and presentation of data.",1,https://en.wikipedia.org/wiki/Statistics
STE1,en,Stereochemistry,1,2,Subdiscipline of chemistry – study of chemistry of the relative spatial arrangement of atoms that form the structure of molecules and their manipulation.,1,https://en.wikipedia.org/wiki/Stereochemistry
SYN1,en,Synectics,1,2,Thought process for making the strange familiar and the familiar strange – study of processes of invention,1,https://en.wikipedia.org/wiki/Synectics
SYN2,en,Syntax,1,2,System responsible for combining morphemes into complex structures – study of sentence structure,1,https://en.wikipedia.org/wiki/Syntax
TAX1,en,Taxonomy,1,2,"Science of naming, defining and classifying organisms",1,https://en.wikipedia.org/wiki/Taxonomy_(biology)
TEC0,en,Technology,0,2,"application of conceptual knowledge to achieve practical goals, especially in a reproducible way.",1,https://en.wikipedia.org/wiki/Technology
TEL1,en,Teleology,1,2,Thinking in terms of destiny or purpose – study of final causes; analysis in terms of purpose,1,https://en.wikipedia.org/wiki/Teleology
THE1,en,Theology,1,2,Study of the nature of deities and religious beliefs - study of religion,1,https://en.wikipedia.org/wiki/Theology
TCS1,en,Theoretical computer science,1,2,Subfield of computer science and mathematics,1,https://en.wikipedia.org/wiki/Theoretical_computer_science
TED1,en,Thermodynamics,1,2,"Physics of heat, work, and temperature",1,https://en.wikipedia.org/wiki/Thermodynamics
TIM1,en,Timbrology,1,2,study of postage stamps,1,
TPL1,en,Topology,1,2,Branch of mathematics – study of places and their natural features,1,https://en.wikipedia.org/wiki/Topology
TPN1,en,Toponymy,1,2,Study of place names,1,https://en.wikipedia.org/wiki/Toponymy
TYG1,en,Typography,1,2,Art of arranging type – art and technique of arranging type,1,https://en.wikipedia.org/wiki/Typography
ZLO1,en,Zoology,1,2,Scientific study of animals,1,https://en.wikipedia.org/wiki/Zoology
ACA1,en,Acanthochronology,1,3,Study of cactus spines and the chronology of their growth,1,
ACA2,en,Acanthology,1,3,Branch of zoology that examines spined or spine-bearing organisms (notably echinoids) and the taxonomic significance of their spines,1,https://en.wikipedia.org/wiki/Acanthochronology
AEB1,en,Aerobiology,1,3,Study of airborne organisms,1,https://en.wikipedia.org/wiki/Aerobiology
AEL1,en,Aerolithology,1,3,Science of meteorites – study of aerolites; meteorites.,1,https://en.wikipedia.org/wiki/Aerolithology
AEP1,en,Aeropalynology,1,3,study of pollens and spores in atmosphere.,1,
AEE1,en,Aerospace Engineering,1,3,Branch of engineering,1,https://en.wikipedia.org/wiki/Aerospace_engineering
AGB1,en,Agrobiology,1,3,Interdisciplinary studies of the interactions between plants and soil,1,https://en.wikipedia.org/wiki/Agrobiology
AGG1,en,Agrogeology,1,3,Study of origins and applications of minerals important to farming,1,https://en.wikipedia.org/wiki/Agrogeology
AGN2,en,Agronomy,1,3,Science of producing and using plants,1,https://en.wikipedia.org/wiki/Agronomy
AGS1,en,Agrostology,1,3,Scientific study of the grasses,1,https://en.wikipedia.org/wiki/Agrostology
ANA1,en,Anatomy,1,3,Study of the structure of organisms,1,https://en.wikipedia.org/wiki/Anatomy
AND1,en,Andrology,1,3,Medical specialty – study of men's physiology.,1,https://en.wikipedia.org/wiki/Andrology
ANG1,en,Angiology,1,3,"Branch of internal medicine, which deals with vascular disease",1,https://en.wikipedia.org/wiki/Angiology
ARA1,en,Arachnology,1,3,"Scientific study of arachnides such as spiders, ticks and mites",1,https://en.wikipedia.org/wiki/Arachnology
ARA2,en,Archaeology,1,3,Study of human activity based on materials left behind,1,https://en.wikipedia.org/wiki/Archaeology
ARE1,en,Archelogy,1,3,study of first principles.,1,
ARI1,en,Architecture,1,3,Applied art and engineering discipline concerned with designing and constructing built environments,1,https://en.wikipedia.org/wiki/Architecture
ARS1,en,Archival science,1,3,"Science of storage, registration and preservation of historical data",1,https://en.wikipedia.org/wiki/Archival_science
ARI2,en,Aristology,1,3,the art or science of cooking and dining – science or art of dining.,1,https://en.wikipedia.org/wiki/Aristology
ART2,en,Arthrology,1,3,Scientific study of joints and articulations,1,https://en.wikipedia.org/wiki/Arthrology
ART3,en,Arthropodology,1,3,Study of arthropods,1,https://en.wikipedia.org/wiki/Arthropodology
AST1,en,Astacology,1,3,Scientific study of crayfish,1,https://en.wikipedia.org/wiki/Astacology
AST2,en,Asteroseismology,1,3,Study of oscillations in stars,1,https://en.wikipedia.org/wiki/Asteroseismology
ASB1,en,Astrobiology,1,3,Science concerned with life in the universe,1,https://en.wikipedia.org/wiki/Astrobiology
ASD1,en,Astrodynamics,1,3,Field of classical mechanics concerned with the motion of spacecraft,1,https://en.wikipedia.org/wiki/Astrodynamics
ASG1,en,Astrogeology,1,3,Geology of astronomical objects apparently in orbit around stellar objects,1,https://en.wikipedia.org/wiki/Astrogeology
ASP1,en,Astrophysics,1,3,Subfield of astronomy – study of behaviour of interstellar matter.,1,https://en.wikipedia.org/wiki/Astrophysics
ATM1,en,Atmology,1,3,the science of aqueous vapor.,1,
AUD1,en,Audiology,1,3,"Branch of science that studies hearing, balance, and related disorders",1,https://en.wikipedia.org/wiki/Audiology
AUX1,en,Auxology,1,3,Study of all aspects of human physical growth,1,https://en.wikipedia.org/wiki/Auxology
BAC1,en,Bacteriology,1,3,Subdiscipline of microbiology that studies bacteria,1,https://en.wikipedia.org/wiki/Bacteriology
BAT1,en,Batology,1,3,Study of brambles,1,https://en.wikipedia.org/wiki/Batology
BEG1,en,Behavioural genetics,1,3,Study of genetic-environment interactions influencing behaviour,1,https://en.wikipedia.org/wiki/Behavioural_genetics
BIB1,en,Bibliology,1,3,Organized listing of books and the systematic description of them as objects,1,https://en.wikipedia.org/wiki/Bibliography
BIB2,en,Bibliotics,1,3,study of documents to determine authenticity.,1,
BOG1,en,Biogeochemistry,1,3,Study of chemical cycles of the earth that are either driven by or influence biological activity,1,https://en.wikipedia.org/wiki/Biogeochemistry
BOM1,en,Biometrics,1,3,Metrics related to human characteristics,1,https://en.wikipedia.org/wiki/Biometrics
BRO1,en,Bromatology,1,3,Applied science devoted to the study of food – study of food.,1,https://en.wikipedia.org/wiki/Bromatology
CAC1,en,Cacogenics,1,3,Decrease in genetic traits deemed desirable and study thereof,1,https://en.wikipedia.org/wiki/Cacogenics
CAL1,en,Calorifics,1,3,study of heat – relating to the production of heat,1,
CRC1,en,Carcinology,1,3,Study of crustaceans,1,https://en.wikipedia.org/wiki/Carcinology
CRI1,en,Caricology,1,3,Study of sedges,1,https://en.wikipedia.org/wiki/Caricology
CRP1,en,Carpology,1,3,Study of seeds and fruit,1,https://en.wikipedia.org/wiki/Carpology
CRT1,en,Cartography,1,3,Study and practice of making maps – science of making maps and globes.,1,https://en.wikipedia.org/wiki/Cartography
CAT1,en,Catacoustics,1,3,science of echoes or reflected sounds.,1,
CEM1,en,Celestial mechanics,1,3,Branch of astronomy – study of motion of objects in outer space.,1,https://en.wikipedia.org/wiki/Celestial_mechanics
CEB1,en,Cell biology,1,3,Branch of biology that studies cells – study of the different structures and functions of both eukaryote and prokaryote cells.,1,https://en.wikipedia.org/wiki/Cell_biology
CHA2,en,Characterology,1,3,The study of character – study of development of character.,1,https://en.wikipedia.org/wiki/Characterology
CHI1,en,Chirography,1,3,Study of penmanship and handwriting in all of its aspects – study of handwriting or penmanship.,1,https://en.wikipedia.org/wiki/Chirography
CHR1,en,Chromatics,1,3,Technique to quantify and describe physically the human color perception – study of color.,1,https://en.wikipedia.org/wiki/Colorimetry
CHR2,en,Chrysology,1,3,study of precious metals.,1,
CIE1,en,Civil engineering,1,3,"Engineering specialty that designs, builds and maintains infrastructure such as roads, bridges and water systems",1,https://en.wikipedia.org/wiki/Civil_engineering
CLI2,en,Climatology,1,3,"Scientific study of climate, defined as weather conditions averaged over a period of time – study of climate.",1,https://en.wikipedia.org/wiki/Climatology
COD1,en,Codicology,1,3,Study of codices or manuscript books,1,https://en.wikipedia.org/wiki/Codicology
COS2,en,Communication studies,1,3,"Social-science field examining human and mediated communication processes, messages and effects",1,https://en.wikipedia.org/wiki/Communication_studies
CON1,en,Coniology,1,3,Study of atmospheric dust and its effects,1,https://en.wikipedia.org/wiki/Coniology
COP1,en,Coprology,1,3,Study of faeces,1,https://en.wikipedia.org/wiki/Coprology
CSC1,en,Cosmochemistry,1,3,Study of the chemical composition of matter in the universe,1,https://en.wikipedia.org/wiki/Cosmochemistry
CSL1,en,Cosmology,1,3,"Scientific study of the origin, evolution, and eventual fate of the universe",1,https://en.wikipedia.org/wiki/Cosmology
CRI2,en,Criminology,1,3,Study of crime and criminal actions/behavior,1,https://en.wikipedia.org/wiki/Criminology
CRY1,en,Cryobiology,1,3,Study of effects of extreme low temperatures on life,1,https://en.wikipedia.org/wiki/Cryptology
CRY2,en,Cryptography,1,3,Practice and study of secure communication techniques,1,https://en.wikipedia.org/wiki/Cryobiology
CYN1,en,Cynology,1,3,Study of canines or domestic dogs,1,https://en.wikipedia.org/wiki/Cynology
CYT1,en,Cytology,1,3,"Study of cells in terms of structure, function and chemistry",1,https://en.wikipedia.org/wiki/Cytology
DAS1,en,Data science,1,3,"Field of study to extract knowledge from data – study of analyzing, processing, interpreting and extracting data.",1,https://en.wikipedia.org/wiki/Data_science
DEN1,en,Dentistry,1,3,"Medical specialty focused on oral health, diagnosis and treatment of teeth and related structures",1,https://en.wikipedia.org/wiki/Dentistry
DIA1,en,Dialectology,1,3,Scientific study of linguistic dialect,1,https://en.wikipedia.org/wiki/Dialectology
DIO1,en,Dioptrics,1,3,Science of light and lenses,1,https://en.wikipedia.org/wiki/Dioptrics
DYN1,en,Dynamics,1,3,Study of forces and their effect on motion,1,https://en.wikipedia.org/wiki/Dynamics_(mechanics)
DYS1,en,Dysgenics,1,3,Decrease in genetic traits deemed desirable and study thereof.,1,https://en.wikipedia.org/wiki/Dysgenics
ECO1,en,Ecology,1,3,Study of organisms and their environment,1,https://en.wikipedia.org/wiki/Ecology
ECO0,en,Economics,0,3,"Social science – study of material wealth (production, distribution, and consumption of goods and services).",1,https://en.wikipedia.org/wiki/Economics
EDA1,en,Edaphology,1,3,Science concerned with the influence of soils on living beings,1,https://en.wikipedia.org/wiki/Edaphology
ELE1,en,Electrical Engineering,2,3,"Engineering branch dealing with electricity, electronics and electromagnetism",1,https://en.wikipedia.org/wiki/Electrical_engineering
ELC1,en,Electrochemistry,1,3,Branch of chemistry – study of relations between electricity and chemicals.,1,https://en.wikipedia.org/wiki/Electrochemistry
END1,en,Endocrinology,1,3,Branch of medicine pertaining to the endocrine system,1,https://en.wikipedia.org/wiki/Endocrinology
ENE1,en,Energetics,1,3,study of energy under transformation – study of energy under transformation within various fields.,1,https://en.wikipedia.org/wiki/Energetics_(disambiguation)
ENS1,en,Engineering studies,1,3,Academic field – study of engineering.,1,https://en.wikipedia.org/wiki/Engineering_studies
ENT1,en,Entomology,1,3,Scientific study of insects,1,https://en.wikipedia.org/wiki/Entomology
ENZ1,en,Enzymology,1,3,Large biological molecule that acts as a catalyst – study of enzymes.,1,https://en.wikipedia.org/wiki/Enzymology
EPI1,en,Epidemiology,1,3,Study of health and disease within a population,1,https://en.wikipedia.org/wiki/Epidemiology
ETH2,en,Ethology,1,3,Scientific objective study of non-human animal behaviour – study of natural or biological character.,1,https://en.wikipedia.org/wiki/Ethology
ETY1,en,Etymology,1,3,Study of the origin and evolution of words – study of origins of words.,1,https://en.wikipedia.org/wiki/Etymology
EVB1,en,Evolutionary biology,1,3,Biological science investigating the origins and diversification of life through evolutionary processes,1,https://en.wikipedia.org/wiki/Evolutionary_biology
EXO1,en,Exobiology,1,3,Science concerned with life in the universe – study of extraterrestrial life.,1,https://en.wikipedia.org/wiki/Exobiology
FDY1,en,Fluid dynamics,1,3,Aspects of fluid mechanics involving fluid flow,1,https://en.wikipedia.org/wiki/Fluid_dynamics
FLM1,en,Fluid mechanics,1,3,"Branch of physics concerned with the mechanics of fluids (liquids, gases, and plasmas) – study of fluids behaviour at rest and in motion.",1,https://en.wikipedia.org/wiki/Fluid_mechanics
FUT1,en,Futurology,1,3,"Study of postulating possible, probable, and preferable futures",1,https://en.wikipedia.org/wiki/Futurology
GEM1,en,Gemmology,1,3,Science dealing with natural and artificial gemstone materials – study of gems and jewels,1,https://en.wikipedia.org/wiki/Gemmology
GES1,en,Gender Studies,1,3,Interdisciplinary field of study – study of gender,1,https://en.wikipedia.org/wiki/Gender_Studies
GEN2,en,Genesiology,1,3,study of reproduction and heredity,1,
GOC1,en,Geochemistry,1,3,Science that applies chemistry to analyze geological systems – study of chemistry of the Earth's crust,1,https://en.wikipedia.org/wiki/Geochemistry
GOC2,en,Geochronology,1,3,"Science of determining the age of rocks, sediments and fossils – study of measuring geological time",1,https://en.wikipedia.org/wiki/Geochronology
GOD1,en,Geodesy,1,3,"Earth-science field that measures and models Earth’s shape, gravity field and rotation",1,https://en.wikipedia.org/wiki/Geodesy
GMG1,en,Geomorphogeny,1,3,"study of the characteristics, origins, and development of land forms",1,
GML1,en,Geomorphology,1,3,Scientific study of landforms – study of landforms and landform evolution,1,https://en.wikipedia.org/wiki/Geomorphology
GOP1,en,Geophysics,1,3,Earth-science discipline applying physical principles to study Earth’s interior and dynamic processes,1,https://en.wikipedia.org/wiki/Geophysics
GOP2,en,Geoponics,1,3,Science of cultivating the earth – study of agriculture,1,https://en.wikipedia.org/wiki/Geoponics
GOT1,en,Geotechnics,1,3,Scientific study of earth materials in engineering problems – study of increasing habitability of the Earth,1,https://en.wikipedia.org/wiki/Geotechnics
GER1,en,Gerontology,1,3,"Study of the social, psychological and biological aspects of aging",1,https://en.wikipedia.org/wiki/Gerontology
GNO1,en,Gnotobiology,1,3,Organism with fully-known microorganisms – study of life in germ-free conditions,1,https://en.wikipedia.org/wiki/Gnotobiology
GRM1,en,Graminology,1,3,Scientific study of the grasses,1,https://en.wikipedia.org/wiki/Graminology
GRP1,en,Graphology,1,3,Pseudoscientific analysis of handwriting – study of handwriting,1,https://en.wikipedia.org/wiki/Graphology
GYN1,en,Gynaecology,1,3,Medical area for women's reproductive health – study of women's physiology,1,https://en.wikipedia.org/wiki/Gynaecology
HAR1,en,Harmonics,1,3,Science of musical sounds,1,https://en.wikipedia.org/wiki/Harmonics
HLL1,en,Heliology,1,3,Scientific study of the sun,1,https://en.wikipedia.org/wiki/Heliology
HLS1,en,Helioseismology,1,3,Study of the structure and dynamics of the Sun through its oscillation,1,https://en.wikipedia.org/wiki/Helioseismology
HEP1,en,Hepatology,1,3,"Medical specialty – study of liver, gallbladder, biliary tree, and pancreas",1,https://en.wikipedia.org/wiki/Hepatology
HER1,en,Heraldry,1,3,"Historical study and design of coats of arms, armorial bearings and related symbolism",1,https://en.wikipedia.org/wiki/Heraldry
HER2,en,Heredity,1,3,Passing of traits to offspring from the species' parents or ancestor – study of passing of traits from parents to offspring,1,https://en.wikipedia.org/wiki/Heredity
HER3,en,Herpetology,1,3,Study of amphibians and reptiles,1,https://en.wikipedia.org/wiki/Herpetology
HIP1,en,Hippology,1,3,Study of horses,1,https://en.wikipedia.org/wiki/Hippology
HOS1,en,History of science,1,3,"Examination of the development of scientific ideas, practices and institutions through time",1,https://en.wikipedia.org/wiki/History_of_science
HOT1,en,History of technology,2,3,Investigation of technological innovation and its social impacts across history,1,https://en.wikipedia.org/wiki/History_of_technology
HOR1,en,Horography,1,3,art of constructing sundials or clocks,1,
HOR2,en,Horology,1,3,Art or science of measuring time – science of time measurement,1,https://en.wikipedia.org/wiki/Horology
HLO1,en,Hydrology,1,3,"Science of the movement, distribution, and quality of water on Earth – study of water resources",1,https://en.wikipedia.org/wiki/Hydrology
HYG1,en,Hygrometry,1,3,Study of gas-vapor mixtures – science of humidity,1,https://en.wikipedia.org/wiki/Hygrometry
HYG2,en,Hygroscopy,1,3,Phenomenon of attracting and holding water molecules – study of humidity,1,https://en.wikipedia.org/wiki/Hygroscopy
ICH1,en,Ichthyology,1,3,Branch of zoology devoted to the study of fish,1,https://en.wikipedia.org/wiki/Ichthyology
ICO1,en,Iconology,1,3,Method of interpretation in cultural history – study of icons; symbols,1,https://en.wikipedia.org/wiki/Iconology
IML1,en,Immunology,1,3,Branch of medicine studying the immune system,1,https://en.wikipedia.org/wiki/Immunology
ITE1,en,Information technology (IT),1,3,Computer-based technology,1,https://en.wikipedia.org/wiki/Information_technology
KAL1,en,Kalology,1,3,study of beauty,1,https://en.wikipedia.org/wiki/Kalology
LEX1,en,Lexicology,1,3,Linguistic discipline studying words – study of words and their meanings,1,https://en.wikipedia.org/wiki/Lexicology
LIM1,en,Limacology,1,3,The study of slugs,1,https://en.wikipedia.org/wiki/Limacology
LOX1,en,Loxodromy,1,3,study of sailing along rhumb-lines,1,
MAL1,en,Malacology,1,3,Study of molluscs,1,https://en.wikipedia.org/wiki/Malacology
MAM1,en,Mammalogy,1,3,Study of mammals,1,https://en.wikipedia.org/wiki/Mammalogy
MEE1,en,Mechanical Engineering,2,3,"Engineering branch concerned with the design, analysis and manufacture of mechanical systems",1,https://en.wikipedia.org/wiki/Mechanical_engineering
MIM1,en,Medical imaging,1,3,"Use of technologies (e.g. X-ray, MRI) to visualise internal body structures for clinical diagnosis",1,https://en.wikipedia.org/wiki/Medical_imaging
MEL1,en,Melissopalynology,1,3,The study of pollen contained in honey,1,https://en.wikipedia.org/wiki/Melissopalynology
MLL1,en,Metallogeny,1,3,Study of the genesis and geographic distribution of mineral deposits – study of the origin and distribution of metal deposits,1,https://en.wikipedia.org/wiki/Metallogeny
MLL2,en,Metallurgy,1,3,Field of science that studies the physical and chemical behavior of metals,1,https://en.wikipedia.org/wiki/Metallurgy
MSC1,en,Metascience,1,3,Scientific study of science,1,https://en.wikipedia.org/wiki/Metascience
MTR1,en,Meteoritics,1,3,"Scientific study of meteors, meteorites and meteoroids",1,https://en.wikipedia.org/wiki/Meteoritics
MTR2,en,Meteorology,1,3,Interdisciplinary scientific study of the atmosphere focusing on weather forecasting,1,https://en.wikipedia.org/wiki/Meteorology
MTH1,en,Methodology,1,3,Study of research methods,1,https://en.wikipedia.org/wiki/Methodology
MTR3,en,Metrology,1,3,Science of measurement and its application,1,https://en.wikipedia.org/wiki/Metrology
MPH2,en,Microphytology,1,3,study of very small plant life,1,
MIN1,en,Mineralogy,1,3,Scientific study of minerals and mineralised artifacts,1,https://en.wikipedia.org/wiki/Mineralogy
MOB1,en,Molecular biology,1,3,Branch of biology that studies biological systems at the molecular level,1,https://en.wikipedia.org/wiki/Molecular_biology
MOR2,en,Morphometrics,1,3,Quantitative study of size and shape – study of size and shape,1,https://en.wikipedia.org/wiki/Morphometrics
MSC2,en,Muscology,1,3,Branch of botany concerned with the study of bryophytes – study of mosses,1,https://en.wikipedia.org/wiki/Muscology
MSE1,en,Museology,1,3,Study of museums,1,https://en.wikipedia.org/wiki/Museology
MYC1,en,Mycology,1,3,Branch of biology concerned with the study of fungi,1,https://en.wikipedia.org/wiki/Mycology
NAN1,en,Nanotechnology,1,3,Technology with features near one nanometer,1,https://en.wikipedia.org/wiki/Nanotechnology
NAU1,en,Nautics,1,3,study and art of navigation,1,
NEM1,en,Nematology,1,3,Scientific study of roundworms,1,https://en.wikipedia.org/wiki/Nematology
NRS1,en,Neuroscience,1,3,"Scientific study of the nervous system – study of development, work and structure of nervous system",1,https://en.wikipedia.org/wiki/Neuroscience
NOS1,en,Nosology,1,3,Branch of medicine that deals with classification of diseases,1,https://en.wikipedia.org/wiki/Nosology
NUS1,en,Nutritional Science,1,3,Science of nutrition,1,https://en.wikipedia.org/wiki/Trophology
OBS1,en,Obstetrics,1,3,Medical specialty concerning pregnancy and childbirth,1,https://en.wikipedia.org/wiki/Obstetrics
OCE1,en,Oceanography,1,3,"Study of physical, chemical, and biological processes in the ocean",1,https://en.wikipedia.org/wiki/Oceanography
OEN1,en,Oenology,1,3,Study of wine and winemaking,1,https://en.wikipedia.org/wiki/Oenology
ONC1,en,Oncology,1,3,"Branch of medicine dealing with, or specializing in, cancer",1,https://en.wikipedia.org/wiki/Oncology
ONO2,en,Onomasiology,1,3,Branch of linguistics concerned with how to express a given concept – study of nomenclature,1,https://en.wikipedia.org/wiki/Onomasiology
ONT1,en,Ontology,1,3,Philosophical study of being – science of pure being; the nature of things,1,https://en.wikipedia.org/wiki/Ontology
OPH1,en,Ophthalmology,1,3,Field of medicine treating eye disorders,1,https://en.wikipedia.org/wiki/Ophthalmology
OPT2,en,Optometry,1,3,Field of medicine treating eye disorders – science of examining the eyes,1,https://en.wikipedia.org/wiki/Optometry
ORM1,en,Orbital mechanics,1,3,Field of classical mechanics concerned with the motion of spacecraft,1,https://en.wikipedia.org/wiki/Orbital_mechanics
ORC2,en,Orchidology,1,3,Scientific study of orchids,1,https://en.wikipedia.org/wiki/Orchidology
ORG1,en,Organology (music),1,3,"Science of musical instruments and their classifications (musicology) – study of musical instruments in relation to history, culture, construction, acoustic properties and classification",1,https://en.wikipedia.org/wiki/Organology
ORN1,en,Ornithology,1,3,Study of birds,1,https://en.wikipedia.org/wiki/Ornithology
ORO1,en,Orology,1,3,Study of mountain environments,1,https://en.wikipedia.org/wiki/Orology
OTO1,en,Otology,1,3,Branch of medicine for the ear,1,https://en.wikipedia.org/wiki/Otology
PLN1,en,Palaeontology,1,3,Study of life before the Holocene epoch,1,https://en.wikipedia.org/wiki/Palaeontology
PAL1,en,Palynology,1,3,Study of pollen and other acid-resistant microoscopic organic material,1,https://en.wikipedia.org/wiki/Palynology
PSI1,en,Parasitology,1,3,"Study of parasites, their hosts, and the relationship between them",1,https://en.wikipedia.org/wiki/Parasitology
PAT1,en,Pathology,1,3,Study of disease,1,https://en.wikipedia.org/wiki/Pathology
PDG1,en,Pedagogy,1,3,"Science and art of teaching, learning processes and educational theory",1,https://en.wikipedia.org/wiki/Pedagogy
PED1,en,Pediatrics,1,3,study of children's diseases; pediatrics,1,
PED2,en,Pedology,1,3,Study of soils in their natural environment,1,https://en.wikipedia.org/wiki/Pedology
PEL1,en,Pelology,1,3,study of mud,1,
PET1,en,Petrology,1,3,"Branch of geology that studies the formation, composition, distribution and structure of rocks",1,https://en.wikipedia.org/wiki/Petrology
PHC1,en,Pharmacology,1,3,Science of drugs and medications and their effects,1,https://en.wikipedia.org/wiki/Pharmacology
PHA1,en,Pharology,1,3,Scientific study of lighthouses and signal lights,1,https://en.wikipedia.org/wiki/Pharology
PTB1,en,Photobiology,1,3,Scientific study of light's effect on living organisms,1,https://en.wikipedia.org/wiki/Photobiology
PTN1,en,Photonics,1,3,Technical applications of optics – study of photons,1,https://en.wikipedia.org/wiki/Photonics
PYC1,en,Phycology,1,3,Branch of biology concerned with the study of algae,1,https://en.wikipedia.org/wiki/Phycology
PYS2,en,Physiology,1,3,Science regarding functions in organisms or living systems,1,https://en.wikipedia.org/wiki/Physiology
PIS1,en,Pisteology,1,3,science or study of faith,1,
PLS1,en,Planetary science,1,3,Science of planets and planetary systems,1,https://en.wikipedia.org/wiki/Planetary_science
PNE1,en,Pneumatics,1,3,Use of pressurised gas in mechanical systems – study of mechanics of gases,1,https://en.wikipedia.org/wiki/Pneumatics
PNE2,en,Pneumonology,1,3,Study of respiratory diseases,1,https://en.wikipedia.org/wiki/Pneumonology
POS2,en,Political science,1,3,Scientific study of politics,1,https://en.wikipedia.org/wiki/Political_science
PRA1,en,Pragmatics,1,3,Branch of linguistics and semiotics relating context to meaning,1,https://en.wikipedia.org/wiki/Pragmatics
PRI1,en,Printmaking,1,3,Artistic process of creating images by transferring ink from a matrix onto another surface,1,https://en.wikipedia.org/wiki/Printmaking
PRO1,en,Protistology,1,3,Scientific discipline devoted to the study of protists – study of protists,1,https://en.wikipedia.org/wiki/Protistology
PRO2,en,Proxemics,1,3,Study of human use of space and the effects that population density has on behavior,1,https://en.wikipedia.org/wiki/Proxemics
PSE2,en,Pseudoptics,1,3,study of optical illusions,1,
PYG1,en,Psychogenetics,1,3,Study of genetic-environment interactions influencing behaviour – study of internal or mental states,1,https://en.wikipedia.org/wiki/Psychogenetics
PTE1,en,Pteridology,1,3,Class of vascular plants – study of ferns,1,https://en.wikipedia.org/wiki/Pteridology
PHE2,en,Public health,1,3,"Science and art of preventing disease, prolonging life and promoting health through organised societal efforts",1,https://en.wikipedia.org/wiki/Public_health
PYG2,en,Pyrography,1,3,Art or decoration made from burn marks – study of woodburning,1,https://en.wikipedia.org/wiki/Pyrography
PYT1,en,Pyrotechnics,1,3,Science of creating combustibles and explosives for entertainment – study of combustion through fire or explosions,1,https://en.wikipedia.org/wiki/Pyrotechnics
QCO1,en,Quantum computing,1,3,"Computer hardware technology that uses quantum mechanics – the exploitation of collective properties of quantum states, such as superposition and entanglement, to perform computation.",1,https://en.wikipedia.org/wiki/Quantum_computing
RAD2,en,Radiobiology,1,3,"Study of effects of radiation on living tissues – study of the scientific principles, mechanisms, and effects of the interaction of ionizing radiation with living matter",1,https://en.wikipedia.org/wiki/Radiobiology
SCA1,en,Scatology,1,3,Study of faeces – study of excrement or obscene literature,1,https://en.wikipedia.org/wiki/Scatology
SCI1,en,Sciagraphy,1,3,Study of perspective shadow projection – art of shading,1,https://en.wikipedia.org/wiki/Sciagraphy
SCO1,en,Science communication,1,3,Study and practice of conveying scientific knowledge to non-expert audiences,1,https://en.wikipedia.org/wiki/Science_communication
SED1,en,Sedimentology,1,3,Study of natural sediments and their formation processes,1,https://en.wikipedia.org/wiki/Sedimentology
SEI1,en,Seismology,1,3,Scientific study of earthquakes and propagation of elastic waves through a planet,1,https://en.wikipedia.org/wiki/Seismology
SEM2,en,Semasiology,1,3,Branch of linguistics about what words mean,1,https://en.wikipedia.org/wiki/Semasiology
SEX1,en,Sexology,1,3,Scientific study of human sexuality,1,https://en.wikipedia.org/wiki/Sexology
SOS2,en,Social science,1,3,Collective term for disciplines that study society and human relationships,1,https://en.wikipedia.org/wiki/Social_science
SCB1,en,Sociobiology,1,3,Subdiscipline of biology regarding social behavior – study of biological basis of human behaviour,1,https://en.wikipedia.org/wiki/Sociobiology
SCL2,en,Sociolinguistics,1,3,Study of how society affects language,1,https://en.wikipedia.org/wiki/Sociolinguistics
SOM1,en,Solid mechanics,1,3,Branch of mechanics concerned with solid materials and their behaviors,1,https://en.wikipedia.org/wiki/Solid_mechanics
SPL1,en,Speleology,1,3,Science of cave and karst systems,1,https://en.wikipedia.org/wiki/Speleology
SPR2,en,Spermology,1,3,Embryonic plant enclosed in a protective outer covering – study of seeds,1,https://en.wikipedia.org/wiki/Seed
SAS1,en,Stellar astronomy,1,3,Study of stars and stellar evolution,1,https://en.wikipedia.org/wiki/Stellar_astronomy
STE2,en,Stemmatics,1,3,Identification of textual variants – study of relationships between text,1,https://en.wikipedia.org/wiki/Stemmatics
STR1,en,Stratigraphy,1,3,Study of rock layers and their formation,1,https://en.wikipedia.org/wiki/Stratigraphy
STY1,en,Stylometry,1,3,Study of writing style – studying literature by means of statistical analysis,1,https://en.wikipedia.org/wiki/Stylometry
SUC1,en,Supramolecular chemistry,1,3,Branch of chemistry – study of the chemistry of assembled molecular sub-units,1,https://en.wikipedia.org/wiki/Supramolecular_chemistry
SUR1,en,Surgery,1,3,Medical specialty using operative techniques to treat disease or injury,1,https://en.wikipedia.org/wiki/Surgery
SYB1,en,Synthetic biology,1,3,"Engineering-oriented branch of biology that designs and builds new biological parts, devices and systems",1,https://en.wikipedia.org/wiki/Synthetic_biology
SYE1,en,Systems engineering,2,3,"Interdisciplinary approach for designing, integrating and managing complex systems over their life cycles",1,https://en.wikipedia.org/wiki/Systems_engineering
SYS1,en,Systems science,1,3,Study of the nature of systems – study of systems,1,https://en.wikipedia.org/wiki/Systems_science
TEC2,en,Tectonics,1,3,Process of evolution of the Earth's crust,1,https://en.wikipedia.org/wiki/Tectonics
TER1,en,Teratology,1,3,Study of developmental anomalies,1,https://en.wikipedia.org/wiki/Teratology
TEX1,en,Textology,1,3,Identification of textual variants – study of the production of texts,1,https://en.wikipedia.org/wiki/Textual_criticism
THA1,en,Thanatology,1,3,Scientific study of death and its aspects,1,https://en.wikipedia.org/wiki/Thanatology
THA2,en,Thaumatology,1,3,The study of miracles – study of miracles,1,https://en.wikipedia.org/wiki/Thaumatology
THS1,en,Therapy studies,1,3,"Applied health field investigating therapeutic methods for prevention, rehabilitation and cure",1,https://en.wikipedia.org/wiki/Therapy
TEK1,en,Thermokinematics,1,3,study of motion of heat,1,
TEL2,en,Thermology,1,3,thermography used for medical diagnosis – study of heat,1,https://en.wikipedia.org/wiki/Thermology
TPG1,en,Topography,1,3,Study of the forms of land surfaces,1,https://en.wikipedia.org/wiki/Topography
TOX1,en,Toxicology,1,3,Study of substances harmful to living organisms,1,https://en.wikipedia.org/wiki/Toxicology
URA1,en,Uranology,1,3,Science of the heavens (historical),1,https://en.wikipedia.org/wiki/Uranology
UPL1,en,Urban planning,1,3,"Discipline that organises and regulates land use, infrastructure and development in urban areas",1,https://en.wikipedia.org/wiki/Urban_planning
URO1,en,Urogynaecology,1,3,Sub-specialty of urology and gynaecology,1,https://en.wikipedia.org/wiki/Urogynecology
VME1,en,Veterinary medicine,1,3,Branch of medicine for non-human animals,1,https://en.wikipedia.org/wiki/Veterinary_medicine
VIR1,en,Virology,1,3,Study of viruses,1,https://en.wikipedia.org/wiki/Virology
VIT1,en,Vitrics,1,3,"study, art and technology of glassy materials; glassware",1,
VOL1,en,Volcanology,1,3,Study of volcanoes,1,https://en.wikipedia.org/wiki/Volcanology
XYL1,en,Xylology,1,3,Science of wood,1,https://en.wikipedia.org/wiki/Xylology
ZCH1,en,Zoochemistry,1,3,study of chemistry of animals,1,
ZGE1,en,Zoogeography,1,3,Science of the geographic distribution of animal species,1,https://en.wikipedia.org/wiki/Zoogeography
ZPH1,en,Zoophysics,1,3,Study of physics relating to structure and function of animal organs and bodies.,1,
ZPH2,en,Zoophytology,1,3,study of plant-like animals,1,
ZTA1,en,Zootaxy,1,3,Scientific classification of animals.,1,https://en.wikipedia.org/wiki/Zootaxy
ZYM1,en,Zymology,1,3,Study of fermentation and its uses,1,https://en.wikipedia.org/wiki/Zymology
ZYM2,en,Zymurgy,1,3,Applied chemistry of fermentation processes,1,https://en.wikipedia.org/wiki/Zymurgy
ZYT1,en,Zythology,1,3,Study of beer and beer-brewing.,1,https://en.wikipedia.org/wiki/Zythology
ACA3,en,Acarology,1,4,Study of mites and ticks,1,https://en.wikipedia.org/wiki/Acarology
ACE1,en,Aceology,1,4,"Systematic study of therapeutic remedies (also called iamatology), covering principles, efficacy and modes of treatment",1,https://en.wikipedia.org/wiki/Aceology
AED2,en,Aerodonetics,1,4,Science or study of gliding flight.,1,
AEN1,en,Aeronautics,1,4,"Science involved with the study, design, and manufacturing of airflight-capable machines",1,https://en.wikipedia.org/wiki/Aeronautics
AGC1,en,Agricultural chemistry,1,4,Agricultural sub-discipline of applied chemistry – study of influence in chemical processes in plants.,1,https://en.wikipedia.org/wiki/Agricultural_chemistry
AGE1,en,Agroecology,1,4,Study of ecological processes in agriculture,1,https://en.wikipedia.org/wiki/Agroecology
AGN3,en,Agronomics,1,4,"Branch of economics about distribution, management, and productivity of land.",1,https://en.wikipedia.org/wiki/Agronomics
ALG2,en,Algedonics,1,4,"Psychophysiological study of pleasure and pain, including the neural circuits and subjective experiences that underlie both",1,https://en.wikipedia.org/wiki/Algedonics
ALL1,en,Allergology,1,4,Study of the causes and treatment of allergies - study of causes and treatment of allergies,1,https://en.wikipedia.org/wiki/Allergology
ANA2,en,Anaesthesiology,1,4,Medical specialty concerned with anesthesia and perioperative care,1,https://en.wikipedia.org/wiki/Anaesthesiology
AND2,en,Andragogy,1,4,Methods and principles in adult education,1,https://en.wikipedia.org/wiki/Andragogy
ANE1,en,Anemology,1,4,Study of winds – study of wind.,1,https://en.wikipedia.org/wiki/Anemology
ANT1,en,Anthropology,1,4,"Scientific study of humans, human behavior, and societies – study of human cultures.",1,https://en.wikipedia.org/wiki/Anthropology
AEC1,en,Aquatic ecology,1,4,The study of interactions between organisms and the environment in water,1,https://en.wikipedia.org/wiki/Aquatic_ecology
ARO1,en,Archology,1,4,study of the nature of government – science of the origins of government.,1,https://en.wikipedia.org/wiki/Archology
ARE2,en,Areology,1,4,"Scientific study of the surface, crust, and interior of the planet Mars",1,https://en.wikipedia.org/wiki/Areology
ARO2,en,Aromachology,1,4,Study of the influence of odors on human behavior,1,https://en.wikipedia.org/wiki/Aromachology
AST3,en,Astheniology,1,4,Physical symptom – study of diseases of weakening and aging.,1,https://en.wikipedia.org/wiki/Astheniology
ASB2,en,Astrobotany,1,4,Study of plants grown in spacecraft,1,https://en.wikipedia.org/wiki/Astrobotany
ASN2,en,Astronautics,1,4,Theory and practice of navigation beyond the Earth's atmosphere,1,https://en.wikipedia.org/wiki/Astronautics
AUT3,en,Autecology,1,4,Study of interactions of individual organisms with the environment,1,https://en.wikipedia.org/wiki/Autecology
BAL1,en,Ballistics,1,4,Science of the motion of projectiles,1,https://en.wikipedia.org/wiki/Ballistics
BAL2,en,Balneology,1,4,Method of treating diseases by bathing – science of the therapeutic use of baths.,1,https://en.wikipedia.org/wiki/Balneology
BAR2,en,Barodynamics,1,4,science of the support and mechanics of heavy structures,1,
BAT2,en,Bathymetry,1,4,Study of underwater depth of lake or ocean floors,1,https://en.wikipedia.org/wiki/Bathymetry
BAT3,en,Batrachology,1,4,Branch of herpetology that studies amphibians,1,https://en.wikipedia.org/wiki/Batrachology
BNR1,en,Behavioral neuroscience,1,4,Study of biological and neural mechanisma in behaviour,1,https://en.wikipedia.org/wiki/Behavioral_neuroscience
BOE1,en,Bioecology,1,4,Study of interrelations of plants and animals with their environment,1,https://en.wikipedia.org/wiki/Bioecology
BOM2,en,Biomechanics,1,4,Study of the mechanics of biological systems,1,https://en.wikipedia.org/wiki/Biomechanics
BON1,en,Bionomics (economics),1,4,"Less commonly, the application of biological analogies to economic systems—state which sense is intended",1,https://en.wikipedia.org/wiki/Bionomics
BOP2,en,Biopsychology,1,4,Study of biological and neural mechanisma in behaviour – application of the science of biology to the study of psychology.,1,https://en.wikipedia.org/wiki/Biopsychology
BOT2,en,Biotribology,1,4,"Study of friction, wear and lubrication in biological systems – study of friction, wear and lubrication of biological systems.",1,https://en.wikipedia.org/wiki/Biotribology
BRY1,en,Bryology,1,4,Branch of botany concerned with the study of bryophytes – study of mosses and liverworts.,1,https://en.wikipedia.org/wiki/Bryology
BUS1,en,Business studies,1,4,"Applied social-science field analysing how organisations create value, manage resources and interact with markets",1,https://en.wikipedia.org/wiki/Business_studies
CAL2,en,Caliology,1,4,Place where a bird broods its eggs – study of bird's nests.,1,https://en.wikipedia.org/wiki/Caliology
CAM1,en,Cambistry,1,4,science of international exchange.,1,
CAM2,en,Campanology,1,4,Scientific and musical study of bells,1,https://en.wikipedia.org/wiki/Campanology
CRL1,en,Cardiology,1,4,Branch of medicine dealing with the heart,1,https://en.wikipedia.org/wiki/Cardiology
CAT2,en,Catallactics,1,4,Theory about the free market system in economies – science of commercial exchange.,1,https://en.wikipedia.org/wiki/Catallactics
CAT3,en,Catechectics,1,4,art of teaching by question and answer.,1,
CET1,en,Cetology,1,4,"The study of whales, dolphins, porpoises, and other cetaceans – study of whales and dolphins.",1,https://en.wikipedia.org/wiki/Cetology
CHI2,en,Chiropody,1,4,Medicine branch focusing on the human lower extremities,1,https://en.wikipedia.org/wiki/Chiropody
CHO2,en,Chorology (biogeography),1,4,Study of the spatial distribution patterns of organisms and the environmental factors shaping those patterns – an early synonym of biogeography,1,https://en.wikipedia.org/wiki/Chorology
CHR3,en,Chrematistics,1,4,Economics theory studying money – study of wealth; political economy.,1,https://en.wikipedia.org/wiki/Chrematistics
CRB1,en,Chronobiology,1,4,Study of rhythms in biological processes of living organisms – study of biological rhythms.,1,https://en.wikipedia.org/wiki/Chronobiology
CIV1,en,Civics,1,4,study of the civil and political rights and obligations of citizens in a society.,1,https://en.wikipedia.org/wiki/Civics
CLI3,en,Clinology,1,4,study of aging or individual decline after maturity.,1,
CGS1,en,Cognitive science,1,4,Interdisciplinary scientific study of cognitive processes,1,https://en.wikipedia.org/wiki/Cognitive_science
COL1,en,Coleopterology,1,4,Branch of entomology studying beetles,1,https://en.wikipedia.org/wiki/Coleopterology
COM1,en,Cometology,1,4,study of comets.,1,
CON2,en,Conchology,1,4,Study of mollusc shells,1,https://en.wikipedia.org/wiki/Conchology
CON3,en,Connectomics,1,4,Study of mapping wiring diagrams,1,https://en.wikipedia.org/wiki/Connectomics
COM2,en,Contact mechanics,1,4,Study of the deformation of solids that touch each other,1,https://en.wikipedia.org/wiki/Contact_mechanics
CTE1,en,Ctetology,1,4,study of the inheritance of acquired characteristics.,1,
CUS2,en,Curriculum studies,7,4,concentration in the different types of curriculum and instruction concerned with understanding curricula as an active force influenced by human educational experiences.,1,https://en.wikipedia.org/wiki/Curriculum_studies
CYB1,en,Cybernetics,1,4,Transdisciplinary field concerned with regulatory and purposive systems,1,https://en.wikipedia.org/wiki/Cybernetics
CYC1,en,Cyclonology,1,4,"study of tropical cyclones, e.g. hurricanes.",1,
DAC1,en,Dactyliology,1,4,study of finger rings.,1,
DAC2,en,Dactylography,1,4,Scientific study of fingerprints,1,https://en.wikipedia.org/wiki/Dactylography
DAC3,en,Dactylology,1,4,Form of communication using one or both hands – study of sign language.,1,https://en.wikipedia.org/wiki/Dactylology
DEM1,en,Demography,1,4,"Science that deals with populations and their structures, statistically and theoretically",1,https://en.wikipedia.org/wiki/Demography
DEN2,en,Dendrochronology,1,4,Method of dating based on the analysis of patterns of tree rings,1,https://en.wikipedia.org/wiki/Dendrochronology
DEN3,en,Dendrology,1,4,Science and study of woody plants,1,https://en.wikipedia.org/wiki/Dendrology
DER1,en,Dermatoglyphics,1,4,Scientific study of finger- and toeprints,1,https://en.wikipedia.org/wiki/Dermatoglyphics
DER2,en,Dermatology,1,4,"Field of medicine dealing with the hair, nails, skin, and its diseases",1,https://en.wikipedia.org/wiki/Dermatology
DES1,en,Desmology,1,4,Study of ligaments,1,https://en.wikipedia.org/wiki/Desmology
DMT1,en,Didactic method,7,4,"theory of teaching, and in a wider sense, a theory and practical application of teaching and learning. In demarcation from ""mathetics"" (the science of learning), didactics refers only to the science of teaching.",1,https://en.wikipedia.org/wiki/Didactic_method
DIE1,en,Dietetics,1,4,Study of diet and nutrition in relation to health and disease,1,https://en.wikipedia.org/wiki/Dietetics
DIP1,en,Diplomatics,1,4,Academic study of the protocols of documents – science of deciphering ancient writings and texts.,1,https://en.wikipedia.org/wiki/Diplomatics
DOS1,en,Dosiology,1,4,study of dosage of drugs.,1,
ECC1,en,Eccrinology,1,4,Sweat gland distributed almost all over the human body – study of excretion.,1,https://en.wikipedia.org/wiki/Eccrinology
EKI1,en,Ekistics,1,4,Science of human settlements,1,https://en.wikipedia.org/wiki/Ekistics
ELD1,en,Electrodynamics,1,4,"Fundamental interaction between charged particles – study of the effects arising from the interactions of electric currents with magnets, with other currents, or with themselves.",1,https://en.wikipedia.org/wiki/Electrodynamics
ELH1,en,Electrohydrodynamics,1,4,Study of electrically conducting fluids in the presence of electric fields – the study of dynamics of electrically charged fluids.,1,https://en.wikipedia.org/wiki/Electrohydrodynamics
ELM1,en,Electromagnetism,1,4,Fundamental interaction between charged particles – study of electromagnetic force.,1,https://en.wikipedia.org/wiki/Electromagnetism
ELS1,en,Electrostatics,1,4,Study of stationary or slow-moving electric charges – study of static electricity.,1,https://en.wikipedia.org/wiki/Electrostatics
EMM1,en,Emmenology,1,4,study of menstruation.,1,
END2,en,Endemiology,1,4,study of local diseases.,1,
ENT2,en,Entozoology,1,4,study of parasites that live inside larger organisms.,1,
ENS2,en,Environmental science,1,4,"study of the environment, and the solution of environmental problems.",1,https://en.wikipedia.org/wiki/Environmental_science
EPH1,en,Ephebiatrics,1,4,Medical subspecialty for adolescents – branch of medicine dealing with adolescence.,1,https://en.wikipedia.org/wiki/Ephebiatrics
ERE1,en,Eremology,1,4,study of deserts.,1,
ESC1,en,Escapology,1,4,Practice of escaping from restraints – study of freeing oneself from constraints.,1,https://en.wikipedia.org/wiki/Escapology
ETH3,en,Ethonomics,1,4,"Personal value, basis for ethical action – study of economic and ethical principles of a society.",1,https://en.wikipedia.org/wiki/Ethonomics
ETI1,en,Etiology,1,4,"Study of causation, or origination",1,https://en.wikipedia.org/wiki/Etiology
EUT1,en,Euthenics,1,4,Study of improving living conditions to increase well-being – science concerned with improving living conditions.,1,https://en.wikipedia.org/wiki/Euthenics
EXO2,en,Exoplanetology,1,4,study of exoplanets.,1,https://en.wikipedia.org/wiki/Exoplanetology
FEL1,en,Felinology,1,4,Study of cats – study of felines.,1,https://en.wikipedia.org/wiki/Felinology
FLU1,en,Fluviology,1,4,study of watercourses.,1,
FOR1,en,Forestry,1,4,"Science and craft of managing woodlands – study of the creation, management, use, conservation, and repair of forests and associated resources.",1,https://en.wikipedia.org/wiki/Forestry
FRM1,en,Fracture mechanics,1,4,Study of propagation of cracks in materials,1,https://en.wikipedia.org/wiki/Fracture_mechanics
GAS1,en,Gastroenterology,1,4,Branch of medicine focused on the digestive system and its disorders,1,https://en.wikipedia.org/wiki/Gastroenterology
GER2,en,Gerocomy,1,4,study of old age,1,
GLA1,en,Glaciology,1,4,Scientific study of ice and natural phenomena involving ice,1,https://en.wikipedia.org/wiki/Glaciology
GNO2,en,Gnomonics,1,4,science that studies sundials – the art of measuring time using sundials,1,https://en.wikipedia.org/wiki/Gnomonics
GRP2,en,Graphemics,1,4,Study of graphemes and writing systems – study of systems of representing speech in writing,1,https://en.wikipedia.org/wiki/Graphemics
GRO1,en,Gromatics,1,4,Ancient Roman land surveyors – science of surveying,1,https://en.wikipedia.org/wiki/Gromatics
GYR1,en,Gyrostatics,1,4,study of rotating bodies,1,
HAE1,en,Haemataulics,1,4,study of movement of blood through blood vessels,1,
HAL1,en,Halieutics,1,4,study of fishing,1,
HEL1,en,Helminthology,1,4,Study of parasitic worms (helminths),1,https://en.wikipedia.org/wiki/Helminthology
HEM1,en,Hematology,1,4,Study of blood and blood diseases,1,https://en.wikipedia.org/wiki/Hematology
HEM2,en,Hemodynamics,1,4,Dynamics of blood flow – study of the dynamics behind blood circulation,1,https://en.wikipedia.org/wiki/Hemodynamics
HRO1,en,Hermeology,1,4,study of Mercury,1,https://en.wikipedia.org/wiki/Geology_of_Mercury
HIP2,en,Hippiatrics,1,4,study of diseases of horses,1,
HSL1,en,Histology,1,4,Study of the microscopic anatomy of cells and tissues of plants and animals,1,https://en.wikipedia.org/wiki/Histology
HEC1,en,Home economics,1,4,Study of household management,1,https://en.wikipedia.org/wiki/Home_economics
HOR3,en,Horticulture,1,4,Small-scale cultivation of plants – study of gardening,1,https://en.wikipedia.org/wiki/Horticulture
HYD1,en,Hydraulics,1,4,"Applied engineering involving liquids – study of application of engineering, chemistry and other fields of science involving the use of liquids",1,https://en.wikipedia.org/wiki/Hydraulics
HBI1,en,Hydrobiology,1,4,Science of life and life processes in water – study of aquatic organisms,1,https://en.wikipedia.org/wiki/Hydrobiology
HDY1,en,Hydrodynamics,1,4,Study of liquids in motion,1,https://en.wikipedia.org/wiki/Hydrodynamics
HGE1,en,Hydrogeology,1,4,Study of the distribution and movement of groundwater,1,https://en.wikipedia.org/wiki/Hydrogeology
HGR1,en,Hydrography,1,4,Measurement of bodies of water,1,https://en.wikipedia.org/wiki/Hydrography
HKI1,en,Hydrokinetics,1,4,study of motion of fluids,1,
HME1,en,Hydrometeorology,1,4,Branch of meteorology and hydrology – study of atmospheric moisture,1,https://en.wikipedia.org/wiki/Hydrometeorology
HST1,en,Hydrostatics,1,4,Branch of fluid mechanics that studies fluids at rest,1,https://en.wikipedia.org/wiki/Hydrostatics
HYE1,en,Hyetology,1,4,science of rainfall,1,
HYG3,en,Hygienics,1,4,Practices performed to preserve health – study of sanitation; health,1,https://en.wikipedia.org/wiki/Hygienics
HYP1,en,Hypnology,1,4,Study of sleep and hypnotic phenomena – study of sleep; study of hypnosis.,1,https://en.wikipedia.org/wiki/Hypnology
HYP2,en,Hypsography,1,4,Measurement of the elevation and depth of features on Earth's surface relative to mean sea level. – science of measuring heights,1,https://en.wikipedia.org/wiki/Hypsography
ICH2,en,Ichnography,1,4,Architectural diagram showing interior layout of a building – art of drawing ground plans; a ground plan,1,https://en.wikipedia.org/wiki/Ichnography
ICH3,en,Ichnology,1,4,Study of trace fossils,1,https://en.wikipedia.org/wiki/Ichnology
IDE2,en,Ideology,1,4,Set of beliefs or values – science of ideas; system of ideas used to justify behaviour,1,https://en.wikipedia.org/wiki/Ideology
IMC1,en,Immunochemistry,1,4,Study of the chemistry of the immune system.,1,https://en.wikipedia.org/wiki/Immunochemistry
IMG1,en,Immunogenetics,1,4,Branch of medical genetics that studies genetic interactions related to the immune system – study of genetic characteristics of immunity,1,https://en.wikipedia.org/wiki/Immunogenetics
IMP1,en,Immunopathology,1,4,Branch of medicine that deals with immune responses associated with disease,1,https://en.wikipedia.org/wiki/Immunopathology
IRE1,en,International relations,1,4,"Social-science field analysing political, economic and legal interactions among states and other actors",1,https://en.wikipedia.org/wiki/International_relations
KAR1,en,Karstology,1,4,Scientific study of the various aspects of karst regions,1,https://en.wikipedia.org/wiki/Karstology
KAR2,en,Karyology,1,4,Photographic display of total chromosome complement in a cell – study of cell nuclei,1,https://en.wikipedia.org/wiki/Karyology
KYM1,en,Kymatology,1,4,"Branch of physics concerned with the mechanics of fluids (liquids, gases, and plasmas) – study of wave motion",1,https://en.wikipedia.org/wiki/Kymatology
LAR1,en,Laryngology,1,4,Medical specialty that deals with the larynx,1,https://en.wikipedia.org/wiki/Laryngology
LEP1,en,Lepidopterology,1,4,Branch of entomology that studies moths and butterflies,1,https://en.wikipedia.org/wiki/Lepidopterology
LEP2,en,Leprology,1,4,The study of leprosy and its treatment,1,https://en.wikipedia.org/wiki/Leprology
LIC1,en,Lichenology,1,4,Branch of mycology that studies lichens,1,https://en.wikipedia.org/wiki/Lichenology
LML1,en,Limnology,1,4,Science of inland aquatic ecosystems,1,https://en.wikipedia.org/wiki/Limnology
LOI1,en,Loimology,1,4,study of plagues and epidemics,1,
MAC1,en,Macroeconomics,1,4,"Study of an economy as a whole – branch of economics dealing with the performance, structure, behavior, and decision-making of the whole economy",1,https://en.wikipedia.org/wiki/Macroeconomics
MAL2,en,Malariology,1,4,"Study of the mosquito borne disease, malaria",1,https://en.wikipedia.org/wiki/Malariology
MAB1,en,Marine biology,1,4,Scientific study of organisms that live in the ocean – study of the ocean's ecosystem,1,https://en.wikipedia.org/wiki/Marine_biology
MEC2,en,Meconology,1,4,study of or treatise concerning opium,1,
MES1,en,Media studies,1,4,Field of study that deals with media,1,https://en.wikipedia.org/wiki/Media_studies
MEL2,en,Melittology,1,4,Scientific study of bees,1,https://en.wikipedia.org/wiki/Melittology
MLL3,en,Metallography,1,4,Study of metals using microscopy – study of the structure and constitution of metals,1,https://en.wikipedia.org/wiki/Metallography
MPO1,en,Metapolitics,1,4,Political discourse about politics itself – study of politics in theory or abstract,1,https://en.wikipedia.org/wiki/Metapolitics
MTH2,en,Methyology,1,4,study of alcohol,1,
MEC3,en,Microbial ecology,1,4,Study of the relationship of microorganisms with their environment,1,https://en.wikipedia.org/wiki/Microbial_ecology
MCL1,en,Microclimatology,1,4,Local set of atmospheric conditions that differ significantly from the surrounding area – study of local climates,1,https://en.wikipedia.org/wiki/Microclimatology
MEC4,en,Microeconomics,1,4,Behavior of individuals and firms – branch of economics that studies the behavior of individual households and firms in making decisions on the allocation of limited resources,1,https://en.wikipedia.org/wiki/Microeconomics
MLO1,en,Micrology,1,4,study or discussion of trivialities,1,
MPA1,en,Micropalaeontology,1,4,Branch of paleontology that studies microfossils,1,https://en.wikipedia.org/wiki/Micropalaeontology
MIS1,en,Military science,1,4,"Systematic study of military organisation, strategy, tactics and logistics",1,https://en.wikipedia.org/wiki/Military_science
MOL1,en,Molinology,2,4,Study of devices which use energy for mechanical purposes,1,https://en.wikipedia.org/wiki/Molinology
MYO1,en,Myology,1,4,Study of the muscular system – study of muscles,1,https://en.wikipedia.org/wiki/Myology
MYR1,en,Myrmecology,1,4,Study of ants,1,https://en.wikipedia.org/wiki/Myrmecology
NAO1,en,Naology,1,4,study of church or temple architecture,1,
NEC1,en,Necroplanetology,1,4,Study of the process of planetary destruction – study of the destruction of planets,1,https://en.wikipedia.org/wiki/Necroplanetology
NEO1,en,Neonatology,1,4,"Medical care of newborns, especially the ill or premature",1,https://en.wikipedia.org/wiki/Neonatology
NEO2,en,Neossology,1,4,study of nestling birds,1,
NEP1,en,Nephology,1,4,Scientific study of clouds,1,https://en.wikipedia.org/wiki/Nephology
NEP2,en,Nephrology,1,4,Medical study concerned with the kidneys,1,https://en.wikipedia.org/wiki/Nephrology
NRB1,en,Neurobiology,1,4,Scientific study of the nervous system,1,https://en.wikipedia.org/wiki/Neurobiology
NRE1,en,Neuroeconomics,1,4,Interdisciplinary field – study of human decision making and the ability to process multiple alternatives and to choose an optimal course of action,1,https://en.wikipedia.org/wiki/Neuroeconomics
NRL1,en,Neurology,1,4,Medical specialty dealing with disorders of the nervous system,1,https://en.wikipedia.org/wiki/Neurology
NRP1,en,Neuropsychology,1,4,Study of the brain related to specific psychological processes and behaviors,1,https://en.wikipedia.org/wiki/Neuropsychology
NEU2,en,Neurypnology,1,4,study of hypnotism,1,
NOM1,en,Nomology,1,4,Science of laws in philosophy,1,https://en.wikipedia.org/wiki/Nomology
NOS2,en,Nostology,1,4,study of senility,1,
NOT1,en,Notaphily,1,4,Study of paper currency – study and collecting of bank-notes and cheques,1,https://en.wikipedia.org/wiki/Notaphily
NUM1,en,Numismatics,1,4,"Study of currencies, coins and paper money",1,https://en.wikipedia.org/wiki/Numismatics
NYM1,en,Nymphology,1,4,study of nymphs,1,
OHE1,en,Occupational health,1,4,Field dedicated to protecting and promoting health and safety in the workplace,1,https://en.wikipedia.org/wiki/Occupational_safety_and_health
ODO1,en,Odonatology,1,4,Study of dragonflies and damselflies,1,https://en.wikipedia.org/wiki/Odonatology
ODO2,en,Odontology,1,4,Scientific study of teeth,1,https://en.wikipedia.org/wiki/Odontology
OLF1,en,Olfactology,1,4,study of the sense of smell,1,
OMB1,en,Ombrology,1,4,study of rain,1,
ONE1,en,Oneirology,1,4,Scientific study of dreams,1,https://en.wikipedia.org/wiki/Oneirology
OOL1,en,Oology,1,4,"Branch of ornithology studying bird eggs, nests and breeding behavior",1,https://en.wikipedia.org/wiki/Oology
OPH2,en,Ophiology,1,4,Branch of herpetology that studies snakes,1,https://en.wikipedia.org/wiki/Ophiology
ORG2,en,Organology (biology),1,4,"Collection of tissues with similar functions (biology) – study of form, structure, development, and functions of plant or animal organs",1,https://en.wikipedia.org/wiki/Organ_(anatomy)
ORT1,en,Orthopterology,1,4,Study of grasshoppers and related insects,1,https://en.wikipedia.org/wiki/Orthopterology
ORY1,en,Oryctology,1,4,mineralogy or paleontology,1,
OSM1,en,Osmics,1,4,scientific study of smells,1,
OST1,en,Osteology,1,4,Scientific study of bones,1,https://en.wikipedia.org/wiki/Osteology
OTO2,en,Otorhinolaryngology,1,4,Medical specialty of the head and neck,1,https://en.wikipedia.org/wiki/Otorhinolaryngology
PAE1,en,Paedology,1,4,Study of children's behavior and development,1,https://en.wikipedia.org/wiki/Paedology
PME1,en,Pain Medicine,1,4,"aspect of medicine and health care involving relief of pain (pain relief, analgesia, pain control) in various dimensions, from acute and simple to chronic and challenging",1,https://en.wikipedia.org/wiki/Algology_(medicine)
PLB1,en,Palaeobiology,1,4,Study of organic evolution using fossils,1,https://en.wikipedia.org/wiki/Palaeobiology
PLC1,en,Palaeoclimatology,1,4,Study of changes in ancient climate,1,https://en.wikipedia.org/wiki/Palaeoclimatology
PLI1,en,Palaeoichthyology,1,4,study of ancient fish,1,https://en.wikipedia.org/wiki/Palaeoichthyology
PLP1,en,Palaeopedology,1,4,Discipline studying soils of the past eras,1,https://en.wikipedia.org/wiki/Palaeopedology
PLB2,en,Paleobotany,1,4,Study of organic evolution of plants based on fossils,1,https://en.wikipedia.org/wiki/Paleobotany
PLS2,en,Paleoseismology,1,4,Study of earthquakes that happened in the past,1,https://en.wikipedia.org/wiki/Paleoseismology
PAP1,en,Papyrology,1,4,Scientific study of ancient manuscripts,1,https://en.wikipedia.org/wiki/Papyrology
PPS1,en,Parapsychology,1,4,Study of paranormal and psychic phenomena,1,https://en.wikipedia.org/wiki/Parapsychology
PDG2,en,Pedagogics,1,4,Theory and practice of education,1,https://en.wikipedia.org/wiki/Pedagogics
PEN1,en,Penology,1,4,Subfield of criminology – study of crime and punishment,1,https://en.wikipedia.org/wiki/Penology
PER1,en,Periodontics,1,4,Field of dentistry,1,https://en.wikipedia.org/wiki/Periodontology
PES1,en,Pestology,1,4,Scientific study of insects – science of pests,1,https://en.wikipedia.org/wiki/Pestology
PHC2,en,Pharmacognosy,1,4,Study of drugs obtained from natural sources,1,https://en.wikipedia.org/wiki/Pharmacognosy
PHA2,en,Pharyngology,1,4,study of the throat,1,
PHE3,en,Phenology,1,4,Study of periodic events in biological life cycles,1,https://en.wikipedia.org/wiki/Phenology
PNE3,en,Phonetics,1,4,Study of how humans produce and perceive sounds,1,https://en.wikipedia.org/wiki/Phonetics
PYG3,en,Phylogenetics,1,4,Study of evolutionary relationships between organisms,1,https://en.wikipedia.org/wiki/Phylogenetics
PLU1,en,Plumology,1,4,Study of feathers,1,https://en.wikipedia.org/wiki/Plumology
PLU2,en,Plutology,1,4,political economy; study of wealth,1,
POD1,en,Podology,1,4,Medicine branch focusing on the human lower extremities,1,https://en.wikipedia.org/wiki/Podiatry
POG1,en,Pogonology,1,4,Hair that grows on the lower part of the face – study of beards,1,https://en.wikipedia.org/wiki/Pogonology
POM1,en,Pomology,1,4,Study of fruits and their cultivation,1,https://en.wikipedia.org/wiki/Pomology
POS3,en,Posology,1,4,Study of dosage of medicines,1,https://en.wikipedia.org/wiki/Posology
POT1,en,Potamology,1,4,Study of rivers,1,https://en.wikipedia.org/wiki/Potamology
PRA2,en,Praxeology,1,4,Theory of human action,1,https://en.wikipedia.org/wiki/Praxeology
PRO3,en,Proctology,1,4,"Study of the structure and diseases of the anus, rectum, and sigmoid colon",1,https://en.wikipedia.org/wiki/Proctology
PSE3,en,Psephology,1,4,Quantitative scientific analysis of elections and balloting (within political science) – study of election results and voting trends,1,https://en.wikipedia.org/wiki/Psephology
PYB1,en,Psychobiology,1,4,Neuroscience of behaviour,1,https://en.wikipedia.org/wiki/Psychobiology
PYL2,en,Psycholinguistics,1,4,Study of relations between psychology and language,1,https://en.wikipedia.org/wiki/Psycholinguistics
PYP1,en,Psychopathology,1,4,Scientific study of mental disorders,1,https://en.wikipedia.org/wiki/Psychopathology
PYP2,en,Psychophysics,1,4,Branch of knowledge relating physical stimuli and psychological perception,1,https://en.wikipedia.org/wiki/Psychophysics
PTE2,en,Pterylology,1,4,study of distribution of feathers on birds,1,
PYR1,en,Pyretology,1,4,study of fevers,1,
PYR2,en,Pyrgology,1,4,study of towers,1,
QUT1,en,Queer theory,1,4,Field of critical theory – study of issues related to sexual orientation and gender identity,1,https://en.wikipedia.org/wiki/Queer_theory
QUI1,en,Quinology,1,4,study of quinine.,1,
RAD3,en,Radiology,1,4,Medical specialty for imaging procedures,1,https://en.wikipedia.org/wiki/Radiology
RHE1,en,Rheology,1,4,"Study of the flow of matter, primarily in a fluid state",1,https://en.wikipedia.org/wiki/Rheology
RHE2,en,Rheumatology,1,4,Medical speciality of inflammatory diseases,1,https://en.wikipedia.org/wiki/Rheumatology
RHI1,en,Rhinology,1,4,Study of the nose and sinuses,1,https://en.wikipedia.org/wiki/Rhinology
ROB1,en,Robotics,1,4,"Design, construction, use, and application of robots",1,https://en.wikipedia.org/wiki/Robotics
RUN1,en,Runology,1,4,Study of Runic alphabets,1,https://en.wikipedia.org/wiki/Runology
SAR1,en,Sarcology,1,4,study of fleshy parts of the body,1,
SCR1,en,Scripophily,1,4,Study and collection of stock and bond certificates,1,https://en.wikipedia.org/wiki/Scripophily
SEL1,en,Selenodesy,1,4,Study of the surface and shape of the Moon,1,https://en.wikipedia.org/wiki/Selenodesy
SEL2,en,Selenology,1,4,Structure and composition of the Moon – study of the Moon,1,https://en.wikipedia.org/wiki/Geology_of_the_Moon
SEM3,en,Semiotics,1,4,Study of signs and sign processes,1,https://en.wikipedia.org/wiki/Semiotics
SER1,en,Serology,1,4,Scientific study of serum and other bodily fluids,1,https://en.wikipedia.org/wiki/Serology
SID1,en,Siderology,1,4,"study of iron and its alloys, including steel",1,
SIN2,en,Sindonology,1,4,Scientific analysis of the Shroud.of Turin,1,https://en.wikipedia.org/wiki/Sindonology
SIT1,en,Sitology,1,4,Expert in nutrition and malnutrition – dietetics,1,https://en.wikipedia.org/wiki/Sitology
SHL1,en,Snow hydrology,1,4,Field of snow science concerning its composition and dispersion,1,https://en.wikipedia.org/wiki/Snow_hydrology
SCE1,en,Socioeconomics,1,4,Branch of sociology – study of the relationship between economy and society,1,https://en.wikipedia.org/wiki/Socioeconomics
SPH1,en,Sphagnology,1,4,study of peat moss,1,
SPH2,en,Sphygmology,1,4,Study of the pulse,1,https://en.wikipedia.org/wiki/Sphygmology
SPL2,en,Splanchnology,1,4,Study of the visceral organs,1,https://en.wikipedia.org/wiki/Splanchnology
STA3,en,Stasiology,1,4,study of political parties,1,
STM1,en,Stomatology,1,4,Study of oral medicine – study of the mouth,1,https://en.wikipedia.org/wiki/Stomatology
SUI1,en,Suicidology,1,4,Scientific study of suicide and self-destructive behaviors,1,https://en.wikipedia.org/wiki/Suicidology
SYM1,en,Symptomatology,1,4,"Indications of a specific illness, including psychiatric – study of symptoms of illness",1,https://en.wikipedia.org/wiki/Symptomatology
SYN3,en,Synecology,1,4,Associated populations of species in a given area – study of ecological communities,1,https://en.wikipedia.org/wiki/Synecology
SYP1,en,Syphilology,1,4,Sexually transmitted infection – study of syphilis,1,https://en.wikipedia.org/wiki/Syphilology
SYS2,en,Systematics,1,4,"Branch of biology – study of the diversification of living forms, both past and present",1,https://en.wikipedia.org/wiki/Systematics
TAX2,en,Taxidermy,1,4,Stuffing and mounting dead animals for display – art of curing and stuffing animals,1,https://en.wikipedia.org/wiki/Taxidermy
TEL3,en,Telmatology,1,4,Branch of physical geography concerned with the study of wetlands,1,https://en.wikipedia.org/wiki/Telmatology
TEM1,en,Tempestology,1,4,"The study of cyclones, hurricanes and similar extreme weather events",1,https://en.wikipedia.org/wiki/Tempestology
THA3,en,Thalassography,1,4,science of the seas and gulfs,1,
THE2,en,Theriogenology,1,4,Veterinary specialty concerning reproduction,1,https://en.wikipedia.org/wiki/Theriogenology
THR1,en,Thremmatology,1,4,science of breeding domestic animals and plants,1,
THR2,en,Threpsology,1,4,science of nutrition,1,
TID1,en,Tidology,1,4,study of tides,1,
TRA1,en,Traumatology,1,4,Medicine branch – study of wounds and their effects,1,https://en.wikipedia.org/wiki/Traumatology
TRI1,en,Tribology,1,4,Science of rubbing surfaces,1,https://en.wikipedia.org/wiki/Tribology
TUR1,en,Turbology,1,4,study of tornadoes,1,
TYP1,en,Typhlology,1,4,study of blindness and the blind,1,
URA2,en,Uranography,1,4,Part of astronomy concerned with mapping of stars,1,https://en.wikipedia.org/wiki/Uranography
URB1,en,Urbanology,1,4,Study dealing with specialized problems of cities,1,https://en.wikipedia.org/wiki/Urbanology
URE1,en,Urenology,1,4,study of rust molds,1,
URO2,en,Urology,1,4,Medical specialty on the urinary and reproductive systems,1,https://en.wikipedia.org/wiki/Urology
VAC1,en,Vaccinology,1,4,Science of vaccine development and production,1,https://en.wikipedia.org/wiki/Vaccinology
VAL1,en,Valeology,1,4,study of healthy living,1,
VEN1,en,Venereology,1,4,Branch of medicine dealing with the study and treatment of sexually transmitted diseases,1,https://en.wikipedia.org/wiki/Venereology
VEN2,en,Venology,1,4,The study of veins.,1,
VEX1,en,Vexillography,1,4,Art and practice of designing flags – the art and practice of designing flags,1,https://en.wikipedia.org/wiki/Vexillography
VEX2,en,Vexillology,1,4,Study of flags,1,https://en.wikipedia.org/wiki/Vexillology
VIC1,en,Victimology,1,4,Study of victimization,1,https://en.wikipedia.org/wiki/Victimology
VIN1,en,Vinology,1,4,scientific study of vines and winemaking,1,
VIT2,en,Vitaminology,1,4,The study of vitamins.,1,
XEN1,en,Xenobiology,1,4,Science of synthetic life forms – study of biological systems which do not exist in nature,1,https://en.wikipedia.org/wiki/Xenobiology
XYL2,en,Xylography,1,4,Broad term for woodblock printing techniques,1,https://en.wikipedia.org/wiki/Xylography
YOS1,en,Youth Studies,1,4,"Interdisciplinary academic field – the study of the development, history, culture, psychology, and politics of youth",1,https://en.wikipedia.org/wiki/Youth_Studies
ZEN1,en,Zenography,1,4,The study of the planet Jupiter,1,https://en.wikipedia.org/wiki/Zenography
ZAR1,en,Zooarchaeology,1,4,Analysis of animal remains found in archaeological sites,1,https://en.wikipedia.org/wiki/Zooarchaeology
ZGE2,en,Zoogeology,1,4,study of fossil animal remains,1,
ZNO1,en,Zoonomy,1,4,study of animal physiology,1,
ZNO2,en,Zoonosology,1,4,study of animal diseases,1,
ZPA1,en,Zoopathology,1,4,Study and diagnosis of disease in animals,1,https://en.wikipedia.org/wiki/Zoopathology
ZPH3,en,Zoophysiology,1,4,study of physiology of animals,1,
ZTE1,en,Zootechnics,1,4,Science of managing domestic or captive animals,1,https://en.wikipedia.org/wiki/Zootechnics
ZYG1,en,Zygology,1,4,science of joining and fastening,1,
ANT2,en,Anthropobiology,1,5,Biological study of the human species – study of human biology.,1,https://en.wikipedia.org/wiki/Anthropobiology
ANT3,en,Anthrozoology,1,5,Subset of ethnobiology – study of human-animal interaction.,1,https://en.wikipedia.org/wiki/Anthrozoology
CAS1,en,Castrametation,1,5,Roman term for a fortified military base – art of designing a camp.,1,https://en.wikipedia.org/wiki/Castrametation
COS3,en,Cosmetology,1,5,Study and application of beauty treatment – study of cosmetics.,1,https://en.wikipedia.org/wiki/Cosmetology
CRA1,en,Craniology,1,5,Pseudoscientific study of human characteristics according to shape of the skull – study of the skull.,1,https://en.wikipedia.org/wiki/Craniology
DRE1,en,Dance research,6,5,"Academic investigation of dance as art, cultural practice and embodied knowledge",1,https://en.wikipedia.org/wiki/Dance_research
DEM2,en,Demology,1,5,study of human populations and behaviour.,1,
EGY1,en,Egyptology,1,5,Scientific study of ancient Egypt – study of ancient Egypt.,1,https://en.wikipedia.org/wiki/Egyptology
EID1,en,Eidology,1,5,study of mental imagery.,1,
ELL1,en,Electrology,1,5,Method of hair removal – study of electricity.,1,https://en.wikipedia.org/wiki/Electrology
EME1,en,Emetology,1,5,"Involuntary, forceful expulsion of stomach contents, typically via the mouth – study of vomiting.",1,https://en.wikipedia.org/wiki/Emetology
EPI2,en,Epileptology,1,5,Physician specializing in epileptology – study of epilepsy.,1,https://en.wikipedia.org/wiki/Epileptology
ERG1,en,Ergology,1,5,study of effects of work on humans.,1,
ERG2,en,Ergonomics,1,5,Designing systems to suit their users – study of people at work.,1,https://en.wikipedia.org/wiki/Ergonomics
ETB1,en,Ethnobiology,1,5,Study of how living things are used by human cultures – study of dynamic relationships between peoples.,1,https://en.wikipedia.org/wiki/Ethnobiology
ETB2,en,Ethnobotany,1,5,Study of traditional plant use – study of a region's plants and their practical uses through the traditional knowledge of a local culture and people.,1,https://en.wikipedia.org/wiki/Ethnobotany
ETC1,en,Ethnochoreology,1,5,Field of dance study – study of dances and its implication in culture.,1,https://en.wikipedia.org/wiki/Ethnochoreology
ETG1,en,Ethnogeny,1,5,study of origins of races or ethnic groups.,1,
ETL1,en,Ethnology,1,5,Branch of anthropology – study of cultures.,1,https://en.wikipedia.org/wiki/Ethnology
ETM1,en,Ethnomethodology,1,5,Study of how social order is produced – study of everyday communication and social interaction.,1,https://en.wikipedia.org/wiki/Ethnomethodology
ETM2,en,Ethnomusicology,1,5,Study of the cultural aspects of music – study of comparative musical systems.,1,https://en.wikipedia.org/wiki/Ethnomusicology
FIN1,en,Finance,1,5,Academic discipline studying businesses and investments – science or study of money management.,1,https://en.wikipedia.org/wiki/Finance
FOL1,en,Folkloristics,1,5,Branch of anthropology – study of folklore and fables.,1,https://en.wikipedia.org/wiki/Folkloristics
GAR1,en,Garbology,1,5,Study of modern refuse,1,https://en.wikipedia.org/wiki/Garbology
GEN3,en,Genealogy,1,5,Study of individual descent and bloodline – study of descent of families,1,https://en.wikipedia.org/wiki/Genealogy
GIG1,en,Gigantology,1,5,study of giants,1,
GRM2,en,Grammatology,1,5,Study of graphemes and writing systems – study of systems of writing,1,https://en.wikipedia.org/wiki/Grammatology
HEL2,en,Helcology,1,5,study of ulcers,1,
HSP1,en,Histopathology,1,5,Microscopic examination of tissue in order to study and diagnose disease – study of changes in tissue due to disease,1,https://en.wikipedia.org/wiki/Histopathology
HOP1,en,Hoplology,1,5,The study of human combative behavior and performance,1,https://en.wikipedia.org/wiki/Hoplology
ICO2,en,Iconography,1,5,Branch of art history – study of drawing symbols,1,https://en.wikipedia.org/wiki/Iconography
IDI2,en,Idiopsychology,1,5,study of the psychology of one's own mind,1,
IRE2,en,Irenology,1,5,Social science study of peace – study of peace,1,https://en.wikipedia.org/wiki/Irenology
KNS1,en,Kinesics,1,5,Interpretation of body motion communication – study of gestural communication,1,https://en.wikipedia.org/wiki/Kinesics
KNS2,en,Kinesiology,1,5,Study of human body movement – study of human movement and posture,1,https://en.wikipedia.org/wiki/Kinesiology
KTE1,en,Ktenology,1,5,Scientific study of killing,1,https://en.wikipedia.org/wiki/Ktenology
LAR2,en,Larithmics,1,5,study of population statistics,1,
LMB1,en,Limnobiology,1,5,study of freshwater ecosystems,1,
LOG2,en,Logistics,2,5,"Planning, implementation and control of efficient flow and storage of goods, services and information",1,https://en.wikipedia.org/wiki/Logistics
MAG1,en,Magnetics,1,5,Class of physical phenomena – study of magnetism,1,https://en.wikipedia.org/wiki/Magnetics
MGH1,en,Magnetohydrodynamics,1,5,Model of electrically conducting fluids – study of electrically conducting fluids,1,https://en.wikipedia.org/wiki/Magnetohydrodynamics
MGS1,en,Magnetostatics,1,5,Branch of physics about magnetism in systems with steady electric currents – study of magnetic fields in systems where the currents are steady,1,https://en.wikipedia.org/wiki/Magnetostatics
MOM1,en,Momilogy,1,5,study of mummies,1,
MYT1,en,Mythology,1,5,Type of traditional narrative – study of myths; fables; tales,1,https://en.wikipedia.org/wiki/Mythology
OIK1,en,Oikology,1,5,science of housekeeping,1,
ORT2,en,Orthoepy,1,5,Correct pronunciation of a language,1,https://en.wikipedia.org/wiki/Orthoepy
ORT3,en,Orthography,1,5,Set of conventions for written language,1,https://en.wikipedia.org/wiki/Orthography
PLA1,en,Palaeoanthropology,1,5,Study of ancient humans,1,https://en.wikipedia.org/wiki/Palaeoanthropology
PLL1,en,Palaeolimnology,1,5,Scientific study of ancient lakes and streams,1,https://en.wikipedia.org/wiki/Palaeolimnology
POS4,en,Paleo-osteology,1,5,study of ancient bones,1,
PAR3,en,Parthenology,1,5,study of virgins,1,
PNI1,en,Phoniatrics,1,5,Sudy and treatment of organs involved in speech production,1,https://en.wikipedia.org/wiki/Phoniatrics
POL1,en,Polemology,1,5,Multidisciplinary study of war,1,https://en.wikipedia.org/wiki/Polemology
PRI2,en,Primatology,1,5,Scientific study of primates,1,https://en.wikipedia.org/wiki/Primatology
PYG4,en,Psychognosy,1,5,"study of mentality, personality or character",1,
PYB2,en,Pyroballogy,1,5,study of artillery,1,
SIL1,en,Silvics,1,5,Practice of controlling forests for timber production – study of tree's life,1,https://en.wikipedia.org/wiki/Silvics
SOM2,en,Somatology,1,5,Branch of anthropology that studies the physical development of the human species – science of substances,1,https://en.wikipedia.org/wiki/Somatology
SPO1,en,Spongology,1,5,study of sponges,1,
STI1,en,Stoichiology,1,5,science of elements of animal tissues,1,
STR2,en,Stratography,1,5,art of leading an army,1,
SYM2,en,Symbology,1,5,"Something that represents an idea, process, or physical entity – study of symbols",1,https://en.wikipedia.org/wiki/Symbology
TEC3,en,Terrestrial ecology,1,5,Study of terrestrial ecosystems and the biotic and abiotic things that occupy them.,1,https://en.wikipedia.org/wiki/Terrestrial_ecology
TEU1,en,Teuthology,1,5,Study of cephalopods,1,https://en.wikipedia.org/wiki/Teuthology
TON1,en,Tonetics,1,5,Use of pitch to distinguish lexical or grammatical meaning,1,https://en.wikipedia.org/wiki/Tonetics
TRI2,en,Trichology,1,5,The study of the hair and scalp,1,https://en.wikipedia.org/wiki/Trichology
TSI1,en,Tsiganology,1,5,study of gypsies,1,
TYL1,en,Typology,1,5,System of classification – study of types of things,1,https://en.wikipedia.org/wiki/Typology
WEB1,en,Webology,1,5,Academic journal on the World Wide Web – The study of the World Wide Web.,1,https://en.wikipedia.org/wiki/Webology
ZSE1,en,Zoosemiotics,1,5,Study of the use of signs among animals – study of animal communication,1,https://en.wikipedia.org/wiki/Zoosemiotics
RHO1,en,Rhochrematics,1,6,science of inventory management and the movement of products,1,
STR3,en,Storiology,1,6,study of folk tales,1,