playlist_id,language_code,title,description
FLHnyfMqiRRG1u-2MsSQLbXA,af,Gunstelinge,
FLHnyfMqiRRG1u-2MsSQLbXA,am,ተወዳጆች,
FLHnyfMqiRRG1u-2MsSQLbXA,ar,المفضلة,
FLHnyfMqiRRG1u-2MsSQLbXA,bg,Любими,
FLHnyfMqiRRG1u-2MsSQLbXA,bn,পছন্দগুলি,
FLHnyfMqiRRG1u-2MsSQLbXA,ca,Preferits,
FLHnyfMqiRRG1u-2MsSQLbXA,cs,Oblíbené,
FLHnyfMqiRRG1u-2MsSQLbXA,da,Foretrukne,
FLHnyfMqiRRG1u-2MsSQLbXA,de,Favoriten,
FLHnyfMqiRRG1u-2MsSQLbXA,el,Αγαπημένα,
FLHnyfMqiRRG1u-2MsSQLbXA,en,Favorites,
FLHnyfMqiRRG1u-2MsSQLbXA,en-GB,Favourites,
FLHnyfMqiRRG1u-2MsSQLbXA,en-XA,[Fåvöŕîţéš one],
FLHnyfMqiRRG1u-2MsSQLbXA,es,Favoritos,
FLHnyfMqiRRG1u-2MsSQLbXA,es-419,Favoritos,
FLHnyfMqiRRG1u-2MsSQLbXA,et,Lemmikud,
FLHnyfMqiRRG1u-2MsSQLbXA,eu,Gogokoak,
FLHnyfMqiRRG1u-2MsSQLbXA,fa,موارد دلخواه,
FLHnyfMqiRRG1u-2MsSQLbXA,fi,Suosikit,
FLHnyfMqiRRG1u-2MsSQLbXA,fil,Mga Paborito,
FLHnyfMqiRRG1u-2MsSQLbXA,fr,Favoris,
FLHnyfMqiRRG1u-2MsSQLbXA,fr-CA,Favoris,
FLHnyfMqiRRG1u-2MsSQLbXA,gl,Favoritos,
FLHnyfMqiRRG1u-2MsSQLbXA,gu,મનપસંદ,
FLHnyfMqiRRG1u-2MsSQLbXA,hi,पसंदीदा,
FLHnyfMqiRRG1u-2MsSQLbXA,hr,Favoriti,
FLHnyfMqiRRG1u-2MsSQLbXA,hu,Kedvencek,
FLHnyfMqiRRG1u-2MsSQLbXA,id,Favorit,
FLHnyfMqiRRG1u-2MsSQLbXA,is,Eftirlæti,
FLHnyfMqiRRG1u-2MsSQLbXA,it,Preferiti,
FLHnyfMqiRRG1u-2MsSQLbXA,iw,מועדפים,
FLHnyfMqiRRG1u-2MsSQLbXA,ja,お気に入り,
FLHnyfMqiRRG1u-2MsSQLbXA,kn,ಮೆಚ್ಚಿನವುಗಳು,
FLHnyfMqiRRG1u-2MsSQLbXA,ko,즐겨찾기,
FLHnyfMqiRRG1u-2MsSQLbXA,lt,Mėgstamiausi,
FLHnyfMqiRRG1u-2MsSQLbXA,lv,Izlase,
FLHnyfMqiRRG1u-2MsSQLbXA,ml,പ്രിയപ്പെട്ടവ,
FLHnyfMqiRRG1u-2MsSQLbXA,mr,आवडी,
FLHnyfMqiRRG1u-2MsSQLbXA,ms,Kegemaran,
FLHnyfMqiRRG1u-2MsSQLbXA,nl,Favorieten,
FLHnyfMqiRRG1u-2MsSQLbXA,no,Favoritter,
FLHnyfMqiRRG1u-2MsSQLbXA,pl,Ulubione,
FLHnyfMqiRRG1u-2MsSQLbXA,pt,Favoritos,
FLHnyfMqiRRG1u-2MsSQLbXA,pt-PT,Favoritos,
FLHnyfMqiRRG1u-2MsSQLbXA,ro,Preferate,
FLHnyfMqiRRG1u-2MsSQLbXA,ru,Избранное,
FLHnyfMqiRRG1u-2MsSQLbXA,sk,Obľúbené,
FLHnyfMqiRRG1u-2MsSQLbXA,sl,Priljubljene,
FLHnyfMqiRRG1u-2MsSQLbXA,sr,Омиљено,
FLHnyfMqiRRG1u-2MsSQLbXA,sv,Favoriter,
FLHnyfMqiRRG1u-2MsSQLbXA,sw,Vipendwa,
FLHnyfMqiRRG1u-2MsSQLbXA,ta,பிடித்தவை,
FLHnyfMqiRRG1u-2MsSQLbXA,te,ఇష్టమైనవి,
FLHnyfMqiRRG1u-2MsSQLbXA,th,รายการโปรด,
FLHnyfMqiRRG1u-2MsSQLbXA,tr,Favoriler,
FLHnyfMqiRRG1u-2MsSQLbXA,uk,Вибране,
FLHnyfMqiRRG1u-2MsSQLbXA,ur,پسندیدہ,
FLHnyfMqiRRG1u-2MsSQLbXA,vi,Video yêu thích,
FLHnyfMqiRRG1u-2MsSQLbXA,zh-CN,收藏的视频,
FLHnyfMqiRRG1u-2MsSQLbXA,zh-HK,收藏,
FLHnyfMqiRRG1u-2MsSQLbXA,zh-TW,收藏的影片,
FLHnyfMqiRRG1u-2MsSQLbXA,zu,Izintandokazi,
PLVvnOdsCze6F40yW7JOroETZQHLRrABTr,en,Discovering Quantum Mechanics,This is a playlist covering the original discoveries of Quantum Mechanics by Schrödinger and Heisenberg
FLoxcjq-8xIDTYp3uz647V5A,af,Gunstelinge,
FLoxcjq-8xIDTYp3uz647V5A,am,ተወዳጆች,
FLoxcjq-8xIDTYp3uz647V5A,ar,المفضلة,
FLoxcjq-8xIDTYp3uz647V5A,bg,Любими,
FLoxcjq-8xIDTYp3uz647V5A,bn,পছন্দগুলি,
FLoxcjq-8xIDTYp3uz647V5A,ca,Preferits,
FLoxcjq-8xIDTYp3uz647V5A,cs,Oblíbené,
FLoxcjq-8xIDTYp3uz647V5A,da,Foretrukne,
FLoxcjq-8xIDTYp3uz647V5A,de,Favoriten,
FLoxcjq-8xIDTYp3uz647V5A,el,Αγαπημένα,
FLoxcjq-8xIDTYp3uz647V5A,en,Favorites,
FLoxcjq-8xIDTYp3uz647V5A,en-GB,Favourites,
FLoxcjq-8xIDTYp3uz647V5A,en-XA,[Fåvöŕîţéš one],
FLoxcjq-8xIDTYp3uz647V5A,es,Favoritos,
FLoxcjq-8xIDTYp3uz647V5A,es-419,Favoritos,
FLoxcjq-8xIDTYp3uz647V5A,et,Lemmikud,
FLoxcjq-8xIDTYp3uz647V5A,eu,Gogokoak,
FLoxcjq-8xIDTYp3uz647V5A,fa,موارد دلخواه,
FLoxcjq-8xIDTYp3uz647V5A,fi,Suosikit,
FLoxcjq-8xIDTYp3uz647V5A,fil,Mga Paborito,
FLoxcjq-8xIDTYp3uz647V5A,fr,Favoris,
FLoxcjq-8xIDTYp3uz647V5A,fr-CA,Favoris,
FLoxcjq-8xIDTYp3uz647V5A,gl,Favoritos,
FLoxcjq-8xIDTYp3uz647V5A,gu,મનપસંદ,
FLoxcjq-8xIDTYp3uz647V5A,hi,पसंदीदा,
FLoxcjq-8xIDTYp3uz647V5A,hr,Favoriti,
FLoxcjq-8xIDTYp3uz647V5A,hu,Kedvencek,
FLoxcjq-8xIDTYp3uz647V5A,id,Favorit,
FLoxcjq-8xIDTYp3uz647V5A,is,Eftirlæti,
FLoxcjq-8xIDTYp3uz647V5A,it,Preferiti,
FLoxcjq-8xIDTYp3uz647V5A,iw,מועדפים,
FLoxcjq-8xIDTYp3uz647V5A,ja,お気に入り,
FLoxcjq-8xIDTYp3uz647V5A,kn,ಮೆಚ್ಚಿನವುಗಳು,
FLoxcjq-8xIDTYp3uz647V5A,ko,즐겨찾기,
FLoxcjq-8xIDTYp3uz647V5A,lt,Mėgstamiausi,
FLoxcjq-8xIDTYp3uz647V5A,lv,Izlase,
FLoxcjq-8xIDTYp3uz647V5A,ml,പ്രിയപ്പെട്ടവ,
FLoxcjq-8xIDTYp3uz647V5A,mr,आवडी,
FLoxcjq-8xIDTYp3uz647V5A,ms,Kegemaran,
FLoxcjq-8xIDTYp3uz647V5A,nl,Favorieten,
FLoxcjq-8xIDTYp3uz647V5A,no,Favoritter,
FLoxcjq-8xIDTYp3uz647V5A,pl,Ulubione,
FLoxcjq-8xIDTYp3uz647V5A,pt,Favoritos,
FLoxcjq-8xIDTYp3uz647V5A,pt-PT,Favoritos,
FLoxcjq-8xIDTYp3uz647V5A,ro,Preferate,
FLoxcjq-8xIDTYp3uz647V5A,ru,Избранное,
FLoxcjq-8xIDTYp3uz647V5A,sk,Obľúbené,
FLoxcjq-8xIDTYp3uz647V5A,sl,Priljubljene,
FLoxcjq-8xIDTYp3uz647V5A,sr,Омиљено,
FLoxcjq-8xIDTYp3uz647V5A,sv,Favoriter,
FLoxcjq-8xIDTYp3uz647V5A,sw,Vipendwa,
FLoxcjq-8xIDTYp3uz647V5A,ta,பிடித்தவை,
FLoxcjq-8xIDTYp3uz647V5A,te,ఇష్టమైనవి,
FLoxcjq-8xIDTYp3uz647V5A,th,รายการโปรด,
FLoxcjq-8xIDTYp3uz647V5A,tr,Favoriler,
FLoxcjq-8xIDTYp3uz647V5A,uk,Вибране,
FLoxcjq-8xIDTYp3uz647V5A,ur,پسندیدہ,
FLoxcjq-8xIDTYp3uz647V5A,vi,Video yêu thích,
FLoxcjq-8xIDTYp3uz647V5A,zh-CN,收藏的视频,
FLoxcjq-8xIDTYp3uz647V5A,zh-HK,收藏,
FLoxcjq-8xIDTYp3uz647V5A,zh-TW,收藏的影片,
FLoxcjq-8xIDTYp3uz647V5A,zu,Izintandokazi,
PL542920k_cOru5wj_iHksZA4scQAjdhwI,de,Adventskalender der ungelösten mathematischen Probleme,"24 ungelöste mathematische Probleme, jeweils in einem Short vorgestellt und im Dezember 2025 veröffentlicht"
FL9-y-6csu5WGm29I7JiwpnA,af,Gunstelinge,
FL9-y-6csu5WGm29I7JiwpnA,am,ተወዳጆች,
FL9-y-6csu5WGm29I7JiwpnA,ar,المفضلة,
FL9-y-6csu5WGm29I7JiwpnA,bg,Любими,
FL9-y-6csu5WGm29I7JiwpnA,bn,পছন্দগুলি,
FL9-y-6csu5WGm29I7JiwpnA,ca,Preferits,
FL9-y-6csu5WGm29I7JiwpnA,cs,Oblíbené,
FL9-y-6csu5WGm29I7JiwpnA,da,Foretrukne,
FL9-y-6csu5WGm29I7JiwpnA,de,Favoriten,
FL9-y-6csu5WGm29I7JiwpnA,el,Αγαπημένα,
FL9-y-6csu5WGm29I7JiwpnA,en,Favorites,
FL9-y-6csu5WGm29I7JiwpnA,en-GB,Favourites,
FL9-y-6csu5WGm29I7JiwpnA,en-XA,[Fåvöŕîţéš one],
FL9-y-6csu5WGm29I7JiwpnA,es,Favoritos,
FL9-y-6csu5WGm29I7JiwpnA,es-419,Favoritos,
FL9-y-6csu5WGm29I7JiwpnA,et,Lemmikud,
FL9-y-6csu5WGm29I7JiwpnA,eu,Gogokoak,
FL9-y-6csu5WGm29I7JiwpnA,fa,موارد دلخواه,
FL9-y-6csu5WGm29I7JiwpnA,fi,Suosikit,
FL9-y-6csu5WGm29I7JiwpnA,fil,Mga Paborito,
FL9-y-6csu5WGm29I7JiwpnA,fr,Favoris,
FL9-y-6csu5WGm29I7JiwpnA,fr-CA,Favoris,
FL9-y-6csu5WGm29I7JiwpnA,gl,Favoritos,
FL9-y-6csu5WGm29I7JiwpnA,gu,મનપસંદ,
FL9-y-6csu5WGm29I7JiwpnA,hi,पसंदीदा,
FL9-y-6csu5WGm29I7JiwpnA,hr,Favoriti,
FL9-y-6csu5WGm29I7JiwpnA,hu,Kedvencek,
FL9-y-6csu5WGm29I7JiwpnA,id,Favorit,
FL9-y-6csu5WGm29I7JiwpnA,is,Eftirlæti,
FL9-y-6csu5WGm29I7JiwpnA,it,Preferiti,
FL9-y-6csu5WGm29I7JiwpnA,iw,מועדפים,
FL9-y-6csu5WGm29I7JiwpnA,ja,お気に入り,
FL9-y-6csu5WGm29I7JiwpnA,kn,ಮೆಚ್ಚಿನವುಗಳು,
FL9-y-6csu5WGm29I7JiwpnA,ko,즐겨찾기,
FL9-y-6csu5WGm29I7JiwpnA,lt,Mėgstamiausi,
FL9-y-6csu5WGm29I7JiwpnA,lv,Izlase,
FL9-y-6csu5WGm29I7JiwpnA,ml,പ്രിയപ്പെട്ടവ,
FL9-y-6csu5WGm29I7JiwpnA,mr,आवडी,
FL9-y-6csu5WGm29I7JiwpnA,ms,Kegemaran,
FL9-y-6csu5WGm29I7JiwpnA,nl,Favorieten,
FL9-y-6csu5WGm29I7JiwpnA,no,Favoritter,
FL9-y-6csu5WGm29I7JiwpnA,pl,Ulubione,
FL9-y-6csu5WGm29I7JiwpnA,pt,Favoritos,
FL9-y-6csu5WGm29I7JiwpnA,pt-PT,Favoritos,
FL9-y-6csu5WGm29I7JiwpnA,ro,Preferate,
FL9-y-6csu5WGm29I7JiwpnA,ru,Избранное,
FL9-y-6csu5WGm29I7JiwpnA,sk,Obľúbené,
FL9-y-6csu5WGm29I7JiwpnA,sl,Priljubljene,
FL9-y-6csu5WGm29I7JiwpnA,sr,Омиљено,
FL9-y-6csu5WGm29I7JiwpnA,sv,Favoriter,
FL9-y-6csu5WGm29I7JiwpnA,sw,Vipendwa,
FL9-y-6csu5WGm29I7JiwpnA,ta,பிடித்தவை,
FL9-y-6csu5WGm29I7JiwpnA,te,ఇష్టమైనవి,
FL9-y-6csu5WGm29I7JiwpnA,th,รายการโปรด,
FL9-y-6csu5WGm29I7JiwpnA,tr,Favoriler,
FL9-y-6csu5WGm29I7JiwpnA,uk,Вибране,
FL9-y-6csu5WGm29I7JiwpnA,ur,پسندیدہ,
FL9-y-6csu5WGm29I7JiwpnA,vi,Video yêu thích,
FL9-y-6csu5WGm29I7JiwpnA,zh-CN,收藏的视频,
FL9-y-6csu5WGm29I7JiwpnA,zh-HK,收藏,
FL9-y-6csu5WGm29I7JiwpnA,zh-TW,收藏的影片,
FL9-y-6csu5WGm29I7JiwpnA,zu,Izintandokazi,
FL8VkNBOwvsTlFjoSnNSMmxw,af,Gunstelinge,
FL8VkNBOwvsTlFjoSnNSMmxw,am,ተወዳጆች,
FL8VkNBOwvsTlFjoSnNSMmxw,ar,المفضلة,
FL8VkNBOwvsTlFjoSnNSMmxw,bg,Любими,
FL8VkNBOwvsTlFjoSnNSMmxw,bn,পছন্দগুলি,
FL8VkNBOwvsTlFjoSnNSMmxw,ca,Preferits,
FL8VkNBOwvsTlFjoSnNSMmxw,cs,Oblíbené,
FL8VkNBOwvsTlFjoSnNSMmxw,da,Foretrukne,
FL8VkNBOwvsTlFjoSnNSMmxw,de,Favoriten,
FL8VkNBOwvsTlFjoSnNSMmxw,el,Αγαπημένα,
FL8VkNBOwvsTlFjoSnNSMmxw,en,Favorites,
FL8VkNBOwvsTlFjoSnNSMmxw,en-GB,Favourites,
FL8VkNBOwvsTlFjoSnNSMmxw,en-XA,[Fåvöŕîţéš one],
FL8VkNBOwvsTlFjoSnNSMmxw,es,Favoritos,
FL8VkNBOwvsTlFjoSnNSMmxw,es-419,Favoritos,
FL8VkNBOwvsTlFjoSnNSMmxw,et,Lemmikud,
FL8VkNBOwvsTlFjoSnNSMmxw,eu,Gogokoak,
FL8VkNBOwvsTlFjoSnNSMmxw,fa,موارد دلخواه,
FL8VkNBOwvsTlFjoSnNSMmxw,fi,Suosikit,
FL8VkNBOwvsTlFjoSnNSMmxw,fil,Mga Paborito,
FL8VkNBOwvsTlFjoSnNSMmxw,fr,Favoris,
FL8VkNBOwvsTlFjoSnNSMmxw,fr-CA,Favoris,
FL8VkNBOwvsTlFjoSnNSMmxw,gl,Favoritos,
FL8VkNBOwvsTlFjoSnNSMmxw,gu,મનપસંદ,
FL8VkNBOwvsTlFjoSnNSMmxw,hi,पसंदीदा,
FL8VkNBOwvsTlFjoSnNSMmxw,hr,Favoriti,
FL8VkNBOwvsTlFjoSnNSMmxw,hu,Kedvencek,
FL8VkNBOwvsTlFjoSnNSMmxw,id,Favorit,
FL8VkNBOwvsTlFjoSnNSMmxw,is,Eftirlæti,
FL8VkNBOwvsTlFjoSnNSMmxw,it,Preferiti,
FL8VkNBOwvsTlFjoSnNSMmxw,iw,מועדפים,
FL8VkNBOwvsTlFjoSnNSMmxw,ja,お気に入り,
FL8VkNBOwvsTlFjoSnNSMmxw,kn,ಮೆಚ್ಚಿನವುಗಳು,
FL8VkNBOwvsTlFjoSnNSMmxw,ko,즐겨찾기,
FL8VkNBOwvsTlFjoSnNSMmxw,lt,Mėgstamiausi,
FL8VkNBOwvsTlFjoSnNSMmxw,lv,Izlase,
FL8VkNBOwvsTlFjoSnNSMmxw,ml,പ്രിയപ്പെട്ടവ,
FL8VkNBOwvsTlFjoSnNSMmxw,mr,आवडी,
FL8VkNBOwvsTlFjoSnNSMmxw,ms,Kegemaran,
FL8VkNBOwvsTlFjoSnNSMmxw,nl,Favorieten,
FL8VkNBOwvsTlFjoSnNSMmxw,no,Favoritter,
FL8VkNBOwvsTlFjoSnNSMmxw,pl,Ulubione,
FL8VkNBOwvsTlFjoSnNSMmxw,pt,Favoritos,
FL8VkNBOwvsTlFjoSnNSMmxw,pt-PT,Favoritos,
FL8VkNBOwvsTlFjoSnNSMmxw,ro,Preferate,
FL8VkNBOwvsTlFjoSnNSMmxw,ru,Избранное,
FL8VkNBOwvsTlFjoSnNSMmxw,sk,Obľúbené,
FL8VkNBOwvsTlFjoSnNSMmxw,sl,Priljubljene,
FL8VkNBOwvsTlFjoSnNSMmxw,sr,Омиљено,
FL8VkNBOwvsTlFjoSnNSMmxw,sv,Favoriter,
FL8VkNBOwvsTlFjoSnNSMmxw,sw,Vipendwa,
FL8VkNBOwvsTlFjoSnNSMmxw,ta,பிடித்தவை,
FL8VkNBOwvsTlFjoSnNSMmxw,te,ఇష్టమైనవి,
FL8VkNBOwvsTlFjoSnNSMmxw,th,รายการโปรด,
FL8VkNBOwvsTlFjoSnNSMmxw,tr,Favoriler,
FL8VkNBOwvsTlFjoSnNSMmxw,uk,Вибране,
FL8VkNBOwvsTlFjoSnNSMmxw,ur,پسندیدہ,
FL8VkNBOwvsTlFjoSnNSMmxw,vi,Video yêu thích,
FL8VkNBOwvsTlFjoSnNSMmxw,zh-CN,收藏的视频,
FL8VkNBOwvsTlFjoSnNSMmxw,zh-HK,收藏,
FL8VkNBOwvsTlFjoSnNSMmxw,zh-TW,收藏的影片,
FL8VkNBOwvsTlFjoSnNSMmxw,zu,Izintandokazi,
FL_TamoS5Wzm6gsWjSJ5LZ6A,af,Gunstelinge,
FL_TamoS5Wzm6gsWjSJ5LZ6A,am,ተወዳጆች,
FL_TamoS5Wzm6gsWjSJ5LZ6A,ar,المفضلة,
FL_TamoS5Wzm6gsWjSJ5LZ6A,bg,Любими,
FL_TamoS5Wzm6gsWjSJ5LZ6A,bn,পছন্দগুলি,
FL_TamoS5Wzm6gsWjSJ5LZ6A,ca,Preferits,
FL_TamoS5Wzm6gsWjSJ5LZ6A,cs,Oblíbené,
FL_TamoS5Wzm6gsWjSJ5LZ6A,da,Foretrukne,
FL_TamoS5Wzm6gsWjSJ5LZ6A,de,Favoriten,
FL_TamoS5Wzm6gsWjSJ5LZ6A,el,Αγαπημένα,
FL_TamoS5Wzm6gsWjSJ5LZ6A,en,Favorites,
FL_TamoS5Wzm6gsWjSJ5LZ6A,en-GB,Favourites,
FL_TamoS5Wzm6gsWjSJ5LZ6A,en-XA,[Fåvöŕîţéš one],
FL_TamoS5Wzm6gsWjSJ5LZ6A,es,Favoritos,
FL_TamoS5Wzm6gsWjSJ5LZ6A,es-419,Favoritos,
FL_TamoS5Wzm6gsWjSJ5LZ6A,et,Lemmikud,
FL_TamoS5Wzm6gsWjSJ5LZ6A,eu,Gogokoak,
FL_TamoS5Wzm6gsWjSJ5LZ6A,fa,موارد دلخواه,
FL_TamoS5Wzm6gsWjSJ5LZ6A,fi,Suosikit,
FL_TamoS5Wzm6gsWjSJ5LZ6A,fil,Mga Paborito,
FL_TamoS5Wzm6gsWjSJ5LZ6A,fr,Favoris,
FL_TamoS5Wzm6gsWjSJ5LZ6A,fr-CA,Favoris,
FL_TamoS5Wzm6gsWjSJ5LZ6A,gl,Favoritos,
FL_TamoS5Wzm6gsWjSJ5LZ6A,gu,મનપસંદ,
FL_TamoS5Wzm6gsWjSJ5LZ6A,hi,पसंदीदा,
FL_TamoS5Wzm6gsWjSJ5LZ6A,hr,Favoriti,
FL_TamoS5Wzm6gsWjSJ5LZ6A,hu,Kedvencek,
FL_TamoS5Wzm6gsWjSJ5LZ6A,id,Favorit,
FL_TamoS5Wzm6gsWjSJ5LZ6A,is,Eftirlæti,
FL_TamoS5Wzm6gsWjSJ5LZ6A,it,Preferiti,
FL_TamoS5Wzm6gsWjSJ5LZ6A,iw,מועדפים,
FL_TamoS5Wzm6gsWjSJ5LZ6A,ja,お気に入り,
FL_TamoS5Wzm6gsWjSJ5LZ6A,kn,ಮೆಚ್ಚಿನವುಗಳು,
FL_TamoS5Wzm6gsWjSJ5LZ6A,ko,즐겨찾기,
FL_TamoS5Wzm6gsWjSJ5LZ6A,lt,Mėgstamiausi,
FL_TamoS5Wzm6gsWjSJ5LZ6A,lv,Izlase,
FL_TamoS5Wzm6gsWjSJ5LZ6A,ml,പ്രിയപ്പെട്ടവ,
FL_TamoS5Wzm6gsWjSJ5LZ6A,mr,आवडी,
FL_TamoS5Wzm6gsWjSJ5LZ6A,ms,Kegemaran,
FL_TamoS5Wzm6gsWjSJ5LZ6A,nl,Favorieten,
FL_TamoS5Wzm6gsWjSJ5LZ6A,no,Favoritter,
FL_TamoS5Wzm6gsWjSJ5LZ6A,pl,Ulubione,
FL_TamoS5Wzm6gsWjSJ5LZ6A,pt,Favoritos,
FL_TamoS5Wzm6gsWjSJ5LZ6A,pt-PT,Favoritos,
FL_TamoS5Wzm6gsWjSJ5LZ6A,ro,Preferate,
FL_TamoS5Wzm6gsWjSJ5LZ6A,ru,Избранное,
FL_TamoS5Wzm6gsWjSJ5LZ6A,sk,Obľúbené,
FL_TamoS5Wzm6gsWjSJ5LZ6A,sl,Priljubljene,
FL_TamoS5Wzm6gsWjSJ5LZ6A,sr,Омиљено,
FL_TamoS5Wzm6gsWjSJ5LZ6A,sv,Favoriter,
FL_TamoS5Wzm6gsWjSJ5LZ6A,sw,Vipendwa,
FL_TamoS5Wzm6gsWjSJ5LZ6A,ta,பிடித்தவை,
FL_TamoS5Wzm6gsWjSJ5LZ6A,te,ఇష్టమైనవి,
FL_TamoS5Wzm6gsWjSJ5LZ6A,th,รายการโปรด,
FL_TamoS5Wzm6gsWjSJ5LZ6A,tr,Favoriler,
FL_TamoS5Wzm6gsWjSJ5LZ6A,uk,Вибране,
FL_TamoS5Wzm6gsWjSJ5LZ6A,ur,پسندیدہ,
FL_TamoS5Wzm6gsWjSJ5LZ6A,vi,Video yêu thích,
FL_TamoS5Wzm6gsWjSJ5LZ6A,zh-CN,收藏的视频,
FL_TamoS5Wzm6gsWjSJ5LZ6A,zh-HK,收藏,
FL_TamoS5Wzm6gsWjSJ5LZ6A,zh-TW,收藏的影片,
FL_TamoS5Wzm6gsWjSJ5LZ6A,zu,Izintandokazi,
FLUHW94eEFW7hkUMVaZz4eDg,af,Gunstelinge,
FLUHW94eEFW7hkUMVaZz4eDg,am,ተወዳጆች,
FLUHW94eEFW7hkUMVaZz4eDg,ar,المفضلة,
FLUHW94eEFW7hkUMVaZz4eDg,bg,Любими,
FLUHW94eEFW7hkUMVaZz4eDg,bn,পছন্দগুলি,
FLUHW94eEFW7hkUMVaZz4eDg,ca,Preferits,
FLUHW94eEFW7hkUMVaZz4eDg,cs,Oblíbené,
FLUHW94eEFW7hkUMVaZz4eDg,da,Foretrukne,
FLUHW94eEFW7hkUMVaZz4eDg,de,Favoriten,
FLUHW94eEFW7hkUMVaZz4eDg,el,Αγαπημένα,
FLUHW94eEFW7hkUMVaZz4eDg,en,Favorites,
FLUHW94eEFW7hkUMVaZz4eDg,en-GB,Favourites,
FLUHW94eEFW7hkUMVaZz4eDg,en-XA,[Fåvöŕîţéš one],
FLUHW94eEFW7hkUMVaZz4eDg,es,Favoritos,
FLUHW94eEFW7hkUMVaZz4eDg,es-419,Favoritos,
FLUHW94eEFW7hkUMVaZz4eDg,et,Lemmikud,
FLUHW94eEFW7hkUMVaZz4eDg,eu,Gogokoak,
FLUHW94eEFW7hkUMVaZz4eDg,fa,موارد دلخواه,
FLUHW94eEFW7hkUMVaZz4eDg,fi,Suosikit,
FLUHW94eEFW7hkUMVaZz4eDg,fil,Mga Paborito,
FLUHW94eEFW7hkUMVaZz4eDg,fr,Favoris,
FLUHW94eEFW7hkUMVaZz4eDg,fr-CA,Favoris,
FLUHW94eEFW7hkUMVaZz4eDg,gl,Favoritos,
FLUHW94eEFW7hkUMVaZz4eDg,gu,મનપસંદ,
FLUHW94eEFW7hkUMVaZz4eDg,hi,पसंदीदा,
FLUHW94eEFW7hkUMVaZz4eDg,hr,Favoriti,
FLUHW94eEFW7hkUMVaZz4eDg,hu,Kedvencek,
FLUHW94eEFW7hkUMVaZz4eDg,id,Favorit,
FLUHW94eEFW7hkUMVaZz4eDg,is,Eftirlæti,
FLUHW94eEFW7hkUMVaZz4eDg,it,Preferiti,
FLUHW94eEFW7hkUMVaZz4eDg,iw,מועדפים,
FLUHW94eEFW7hkUMVaZz4eDg,ja,お気に入り,
FLUHW94eEFW7hkUMVaZz4eDg,kn,ಮೆಚ್ಚಿನವುಗಳು,
FLUHW94eEFW7hkUMVaZz4eDg,ko,즐겨찾기,
FLUHW94eEFW7hkUMVaZz4eDg,lt,Mėgstamiausi,
FLUHW94eEFW7hkUMVaZz4eDg,lv,Izlase,
FLUHW94eEFW7hkUMVaZz4eDg,ml,പ്രിയപ്പെട്ടവ,
FLUHW94eEFW7hkUMVaZz4eDg,mr,आवडी,
FLUHW94eEFW7hkUMVaZz4eDg,ms,Kegemaran,
FLUHW94eEFW7hkUMVaZz4eDg,nl,Favorieten,
FLUHW94eEFW7hkUMVaZz4eDg,no,Favoritter,
FLUHW94eEFW7hkUMVaZz4eDg,pl,Ulubione,
FLUHW94eEFW7hkUMVaZz4eDg,pt,Favoritos,
FLUHW94eEFW7hkUMVaZz4eDg,pt-PT,Favoritos,
FLUHW94eEFW7hkUMVaZz4eDg,ro,Preferate,
FLUHW94eEFW7hkUMVaZz4eDg,ru,Избранное,
FLUHW94eEFW7hkUMVaZz4eDg,sk,Obľúbené,
FLUHW94eEFW7hkUMVaZz4eDg,sl,Priljubljene,
FLUHW94eEFW7hkUMVaZz4eDg,sr,Омиљено,
FLUHW94eEFW7hkUMVaZz4eDg,sv,Favoriter,
FLUHW94eEFW7hkUMVaZz4eDg,sw,Vipendwa,
FLUHW94eEFW7hkUMVaZz4eDg,ta,பிடித்தவை,
FLUHW94eEFW7hkUMVaZz4eDg,te,ఇష్టమైనవి,
FLUHW94eEFW7hkUMVaZz4eDg,th,รายการโปรด,
FLUHW94eEFW7hkUMVaZz4eDg,tr,Favoriler,
FLUHW94eEFW7hkUMVaZz4eDg,uk,Вибране,
FLUHW94eEFW7hkUMVaZz4eDg,ur,پسندیدہ,
FLUHW94eEFW7hkUMVaZz4eDg,vi,Video yêu thích,
FLUHW94eEFW7hkUMVaZz4eDg,zh-CN,收藏的视频,
FLUHW94eEFW7hkUMVaZz4eDg,zh-HK,收藏,
FLUHW94eEFW7hkUMVaZz4eDg,zh-TW,收藏的影片,
FLUHW94eEFW7hkUMVaZz4eDg,zu,Izintandokazi,
FLvBqzzvUBLCs8Y7Axb-jZew,af,Gunstelinge,
FLvBqzzvUBLCs8Y7Axb-jZew,am,ተወዳጆች,
FLvBqzzvUBLCs8Y7Axb-jZew,ar,المفضلة,
FLvBqzzvUBLCs8Y7Axb-jZew,bg,Любими,
FLvBqzzvUBLCs8Y7Axb-jZew,bn,পছন্দগুলি,
FLvBqzzvUBLCs8Y7Axb-jZew,ca,Preferits,
FLvBqzzvUBLCs8Y7Axb-jZew,cs,Oblíbené,
FLvBqzzvUBLCs8Y7Axb-jZew,da,Foretrukne,
FLvBqzzvUBLCs8Y7Axb-jZew,de,Favoriten,
FLvBqzzvUBLCs8Y7Axb-jZew,el,Αγαπημένα,
FLvBqzzvUBLCs8Y7Axb-jZew,en,Favorites,
FLvBqzzvUBLCs8Y7Axb-jZew,en-GB,Favourites,
FLvBqzzvUBLCs8Y7Axb-jZew,en-XA,[Fåvöŕîţéš one],
FLvBqzzvUBLCs8Y7Axb-jZew,es,Favoritos,
FLvBqzzvUBLCs8Y7Axb-jZew,es-419,Favoritos,
FLvBqzzvUBLCs8Y7Axb-jZew,et,Lemmikud,
FLvBqzzvUBLCs8Y7Axb-jZew,eu,Gogokoak,
FLvBqzzvUBLCs8Y7Axb-jZew,fa,موارد دلخواه,
FLvBqzzvUBLCs8Y7Axb-jZew,fi,Suosikit,
FLvBqzzvUBLCs8Y7Axb-jZew,fil,Mga Paborito,
FLvBqzzvUBLCs8Y7Axb-jZew,fr,Favoris,
FLvBqzzvUBLCs8Y7Axb-jZew,fr-CA,Favoris,
FLvBqzzvUBLCs8Y7Axb-jZew,gl,Favoritos,
FLvBqzzvUBLCs8Y7Axb-jZew,gu,મનપસંદ,
FLvBqzzvUBLCs8Y7Axb-jZew,hi,पसंदीदा,
FLvBqzzvUBLCs8Y7Axb-jZew,hr,Favoriti,
FLvBqzzvUBLCs8Y7Axb-jZew,hu,Kedvencek,
FLvBqzzvUBLCs8Y7Axb-jZew,id,Favorit,
FLvBqzzvUBLCs8Y7Axb-jZew,is,Eftirlæti,
FLvBqzzvUBLCs8Y7Axb-jZew,it,Preferiti,
FLvBqzzvUBLCs8Y7Axb-jZew,iw,מועדפים,
FLvBqzzvUBLCs8Y7Axb-jZew,ja,お気に入り,
FLvBqzzvUBLCs8Y7Axb-jZew,kn,ಮೆಚ್ಚಿನವುಗಳು,
FLvBqzzvUBLCs8Y7Axb-jZew,ko,즐겨찾기,
FLvBqzzvUBLCs8Y7Axb-jZew,lt,Mėgstamiausi,
FLvBqzzvUBLCs8Y7Axb-jZew,lv,Izlase,
FLvBqzzvUBLCs8Y7Axb-jZew,ml,പ്രിയപ്പെട്ടവ,
FLvBqzzvUBLCs8Y7Axb-jZew,mr,आवडी,
FLvBqzzvUBLCs8Y7Axb-jZew,ms,Kegemaran,
FLvBqzzvUBLCs8Y7Axb-jZew,nl,Favorieten,
FLvBqzzvUBLCs8Y7Axb-jZew,no,Favoritter,
FLvBqzzvUBLCs8Y7Axb-jZew,pl,Ulubione,
FLvBqzzvUBLCs8Y7Axb-jZew,pt,Favoritos,
FLvBqzzvUBLCs8Y7Axb-jZew,pt-PT,Favoritos,
FLvBqzzvUBLCs8Y7Axb-jZew,ro,Preferate,
FLvBqzzvUBLCs8Y7Axb-jZew,ru,Избранное,
FLvBqzzvUBLCs8Y7Axb-jZew,sk,Obľúbené,
FLvBqzzvUBLCs8Y7Axb-jZew,sl,Priljubljene,
FLvBqzzvUBLCs8Y7Axb-jZew,sr,Омиљено,
FLvBqzzvUBLCs8Y7Axb-jZew,sv,Favoriter,
FLvBqzzvUBLCs8Y7Axb-jZew,sw,Vipendwa,
FLvBqzzvUBLCs8Y7Axb-jZew,ta,பிடித்தவை,
FLvBqzzvUBLCs8Y7Axb-jZew,te,ఇష్టమైనవి,
FLvBqzzvUBLCs8Y7Axb-jZew,th,รายการโปรด,
FLvBqzzvUBLCs8Y7Axb-jZew,tr,Favoriler,
FLvBqzzvUBLCs8Y7Axb-jZew,uk,Вибране,
FLvBqzzvUBLCs8Y7Axb-jZew,ur,پسندیدہ,
FLvBqzzvUBLCs8Y7Axb-jZew,vi,Video yêu thích,
FLvBqzzvUBLCs8Y7Axb-jZew,zh-CN,收藏的视频,
FLvBqzzvUBLCs8Y7Axb-jZew,zh-HK,收藏,
FLvBqzzvUBLCs8Y7Axb-jZew,zh-TW,收藏的影片,
FLvBqzzvUBLCs8Y7Axb-jZew,zu,Izintandokazi,
FLo-3ThNQmPmQSQL_L6Lx1_w,af,Gunstelinge,
FLo-3ThNQmPmQSQL_L6Lx1_w,am,ተወዳጆች,
FLo-3ThNQmPmQSQL_L6Lx1_w,ar,المفضلة,
FLo-3ThNQmPmQSQL_L6Lx1_w,bg,Любими,
FLo-3ThNQmPmQSQL_L6Lx1_w,bn,পছন্দগুলি,
FLo-3ThNQmPmQSQL_L6Lx1_w,ca,Preferits,
FLo-3ThNQmPmQSQL_L6Lx1_w,cs,Oblíbené,
FLo-3ThNQmPmQSQL_L6Lx1_w,da,Foretrukne,
FLo-3ThNQmPmQSQL_L6Lx1_w,de,Favoriten,
FLo-3ThNQmPmQSQL_L6Lx1_w,el,Αγαπημένα,
FLo-3ThNQmPmQSQL_L6Lx1_w,en,Favorites,
FLo-3ThNQmPmQSQL_L6Lx1_w,en-GB,Favourites,
FLo-3ThNQmPmQSQL_L6Lx1_w,en-XA,[Fåvöŕîţéš one],
FLo-3ThNQmPmQSQL_L6Lx1_w,es,Favoritos,
FLo-3ThNQmPmQSQL_L6Lx1_w,es-419,Favoritos,
FLo-3ThNQmPmQSQL_L6Lx1_w,et,Lemmikud,
FLo-3ThNQmPmQSQL_L6Lx1_w,eu,Gogokoak,
FLo-3ThNQmPmQSQL_L6Lx1_w,fa,موارد دلخواه,
FLo-3ThNQmPmQSQL_L6Lx1_w,fi,Suosikit,
FLo-3ThNQmPmQSQL_L6Lx1_w,fil,Mga Paborito,
FLo-3ThNQmPmQSQL_L6Lx1_w,fr,Favoris,
FLo-3ThNQmPmQSQL_L6Lx1_w,fr-CA,Favoris,
FLo-3ThNQmPmQSQL_L6Lx1_w,gl,Favoritos,
FLo-3ThNQmPmQSQL_L6Lx1_w,gu,મનપસંદ,
FLo-3ThNQmPmQSQL_L6Lx1_w,hi,पसंदीदा,
FLo-3ThNQmPmQSQL_L6Lx1_w,hr,Favoriti,
FLo-3ThNQmPmQSQL_L6Lx1_w,hu,Kedvencek,
FLo-3ThNQmPmQSQL_L6Lx1_w,id,Favorit,
FLo-3ThNQmPmQSQL_L6Lx1_w,is,Eftirlæti,
FLo-3ThNQmPmQSQL_L6Lx1_w,it,Preferiti,
FLo-3ThNQmPmQSQL_L6Lx1_w,iw,מועדפים,
FLo-3ThNQmPmQSQL_L6Lx1_w,ja,お気に入り,
FLo-3ThNQmPmQSQL_L6Lx1_w,kn,ಮೆಚ್ಚಿನವುಗಳು,
FLo-3ThNQmPmQSQL_L6Lx1_w,ko,즐겨찾기,
FLo-3ThNQmPmQSQL_L6Lx1_w,lt,Mėgstamiausi,
FLo-3ThNQmPmQSQL_L6Lx1_w,lv,Izlase,
FLo-3ThNQmPmQSQL_L6Lx1_w,ml,പ്രിയപ്പെട്ടവ,
FLo-3ThNQmPmQSQL_L6Lx1_w,mr,आवडी,
FLo-3ThNQmPmQSQL_L6Lx1_w,ms,Kegemaran,
FLo-3ThNQmPmQSQL_L6Lx1_w,nl,Favorieten,
FLo-3ThNQmPmQSQL_L6Lx1_w,no,Favoritter,
FLo-3ThNQmPmQSQL_L6Lx1_w,pl,Ulubione,
FLo-3ThNQmPmQSQL_L6Lx1_w,pt,Favoritos,
FLo-3ThNQmPmQSQL_L6Lx1_w,pt-PT,Favoritos,
FLo-3ThNQmPmQSQL_L6Lx1_w,ro,Preferate,
FLo-3ThNQmPmQSQL_L6Lx1_w,ru,Избранное,
FLo-3ThNQmPmQSQL_L6Lx1_w,sk,Obľúbené,
FLo-3ThNQmPmQSQL_L6Lx1_w,sl,Priljubljene,
FLo-3ThNQmPmQSQL_L6Lx1_w,sr,Омиљено,
FLo-3ThNQmPmQSQL_L6Lx1_w,sv,Favoriter,
FLo-3ThNQmPmQSQL_L6Lx1_w,sw,Vipendwa,
FLo-3ThNQmPmQSQL_L6Lx1_w,ta,பிடித்தவை,
FLo-3ThNQmPmQSQL_L6Lx1_w,te,ఇష్టమైనవి,
FLo-3ThNQmPmQSQL_L6Lx1_w,th,รายการโปรด,
FLo-3ThNQmPmQSQL_L6Lx1_w,tr,Favoriler,
FLo-3ThNQmPmQSQL_L6Lx1_w,uk,Вибране,
FLo-3ThNQmPmQSQL_L6Lx1_w,ur,پسندیدہ,
FLo-3ThNQmPmQSQL_L6Lx1_w,vi,Video yêu thích,
FLo-3ThNQmPmQSQL_L6Lx1_w,zh-CN,收藏的视频,
FLo-3ThNQmPmQSQL_L6Lx1_w,zh-HK,收藏,
FLo-3ThNQmPmQSQL_L6Lx1_w,zh-TW,收藏的影片,
FLo-3ThNQmPmQSQL_L6Lx1_w,zu,Izintandokazi,
FLtESv1e7ntJaLJYKIO1FoYw,af,Gunstelinge,
FLtESv1e7ntJaLJYKIO1FoYw,am,ተወዳጆች,
FLtESv1e7ntJaLJYKIO1FoYw,ar,المفضلة,
FLtESv1e7ntJaLJYKIO1FoYw,bg,Любими,
FLtESv1e7ntJaLJYKIO1FoYw,bn,পছন্দগুলি,
FLtESv1e7ntJaLJYKIO1FoYw,ca,Preferits,
FLtESv1e7ntJaLJYKIO1FoYw,cs,Oblíbené,
FLtESv1e7ntJaLJYKIO1FoYw,da,Foretrukne,
FLtESv1e7ntJaLJYKIO1FoYw,de,Favoriten,
FLtESv1e7ntJaLJYKIO1FoYw,el,Αγαπημένα,
FLtESv1e7ntJaLJYKIO1FoYw,en,Favorites,
FLtESv1e7ntJaLJYKIO1FoYw,en-GB,Favourites,
FLtESv1e7ntJaLJYKIO1FoYw,en-XA,[Fåvöŕîţéš one],
FLtESv1e7ntJaLJYKIO1FoYw,es,Favoritos,
FLtESv1e7ntJaLJYKIO1FoYw,es-419,Favoritos,
FLtESv1e7ntJaLJYKIO1FoYw,et,Lemmikud,
FLtESv1e7ntJaLJYKIO1FoYw,eu,Gogokoak,
FLtESv1e7ntJaLJYKIO1FoYw,fa,موارد دلخواه,
FLtESv1e7ntJaLJYKIO1FoYw,fi,Suosikit,
FLtESv1e7ntJaLJYKIO1FoYw,fil,Mga Paborito,
FLtESv1e7ntJaLJYKIO1FoYw,fr,Favoris,
FLtESv1e7ntJaLJYKIO1FoYw,fr-CA,Favoris,
FLtESv1e7ntJaLJYKIO1FoYw,gl,Favoritos,
FLtESv1e7ntJaLJYKIO1FoYw,gu,મનપસંદ,
FLtESv1e7ntJaLJYKIO1FoYw,hi,पसंदीदा,
FLtESv1e7ntJaLJYKIO1FoYw,hr,Favoriti,
FLtESv1e7ntJaLJYKIO1FoYw,hu,Kedvencek,
FLtESv1e7ntJaLJYKIO1FoYw,id,Favorit,
FLtESv1e7ntJaLJYKIO1FoYw,is,Eftirlæti,
FLtESv1e7ntJaLJYKIO1FoYw,it,Preferiti,
FLtESv1e7ntJaLJYKIO1FoYw,iw,מועדפים,
FLtESv1e7ntJaLJYKIO1FoYw,ja,お気に入り,
FLtESv1e7ntJaLJYKIO1FoYw,kn,ಮೆಚ್ಚಿನವುಗಳು,
FLtESv1e7ntJaLJYKIO1FoYw,ko,즐겨찾기,
FLtESv1e7ntJaLJYKIO1FoYw,lt,Mėgstamiausi,
FLtESv1e7ntJaLJYKIO1FoYw,lv,Izlase,
FLtESv1e7ntJaLJYKIO1FoYw,ml,പ്രിയപ്പെട്ടവ,
FLtESv1e7ntJaLJYKIO1FoYw,mr,आवडी,
FLtESv1e7ntJaLJYKIO1FoYw,ms,Kegemaran,
FLtESv1e7ntJaLJYKIO1FoYw,nl,Favorieten,
FLtESv1e7ntJaLJYKIO1FoYw,no,Favoritter,
FLtESv1e7ntJaLJYKIO1FoYw,pl,Ulubione,
FLtESv1e7ntJaLJYKIO1FoYw,pt,Favoritos,
FLtESv1e7ntJaLJYKIO1FoYw,pt-PT,Favoritos,
FLtESv1e7ntJaLJYKIO1FoYw,ro,Preferate,
FLtESv1e7ntJaLJYKIO1FoYw,ru,Избранное,
FLtESv1e7ntJaLJYKIO1FoYw,sk,Obľúbené,
FLtESv1e7ntJaLJYKIO1FoYw,sl,Priljubljene,
FLtESv1e7ntJaLJYKIO1FoYw,sr,Омиљено,
FLtESv1e7ntJaLJYKIO1FoYw,sv,Favoriter,
FLtESv1e7ntJaLJYKIO1FoYw,sw,Vipendwa,
FLtESv1e7ntJaLJYKIO1FoYw,ta,பிடித்தவை,
FLtESv1e7ntJaLJYKIO1FoYw,te,ఇష్టమైనవి,
FLtESv1e7ntJaLJYKIO1FoYw,th,รายการโปรด,
FLtESv1e7ntJaLJYKIO1FoYw,tr,Favoriler,
FLtESv1e7ntJaLJYKIO1FoYw,uk,Вибране,
FLtESv1e7ntJaLJYKIO1FoYw,ur,پسندیدہ,
FLtESv1e7ntJaLJYKIO1FoYw,vi,Video yêu thích,
FLtESv1e7ntJaLJYKIO1FoYw,zh-CN,收藏的视频,
FLtESv1e7ntJaLJYKIO1FoYw,zh-HK,收藏,
FLtESv1e7ntJaLJYKIO1FoYw,zh-TW,收藏的影片,
FLtESv1e7ntJaLJYKIO1FoYw,zu,Izintandokazi,
