Branch,Description,attached to,& attached to,& attached to,& attached to,Layer 1,Layer 2,Layer 3,Layer 4,Layer 5,Layer 6,Layer 7,Layer 8,Layer,Type,Status
Art,"Creative human expression across visual, auditory and performance media; the umbrella discipline for the fine arts",–,–,–,–,TRUE,,,,,,,,1,S,1
Biology,Science that studies life,–,–,–,–,TRUE,,,,,,,,1,S,1
Chemistry,Scientific field of study – study of properties and behaviours of substances.,–,–,–,–,TRUE,,,,,,,,1,S,1
Computer science,Study of computation – study of processes that interact with data.,–,–,–,–,TRUE,,,,,,,,1,S,1
Cultural studies,"Interdisciplinary analysis of culture, power and identity in everyday life and media",–,–,–,–,TRUE,,,,,,,,1,S,1
Ethics,"Philosophical study of moral values, principles and decision-making",–,–,–,–,TRUE,,,,,,,,1,S,1
Geography,Study of lands and inhabitants of Earth – study of surface of the earth and its inhabitants,–,–,–,–,TRUE,,,,,,,,1,S,1
History,Systematic study and interpretation of past events and human activities,–,–,–,–,TRUE,,,,,,,,1,S,1
Law,System of rules created and enforced through social or governmental institutions to regulate behaviour,–,–,–,–,TRUE,,,,,,,,1,S,1
Linguistics,Scientific study of language,–,–,–,–,TRUE,,,,,,,,1,S,1
Literary Studies,Study and analysis of written and oral texts as artistic and cultural artefacts, = Literature,–,–,–,TRUE,,,,,,,,1,S,1
Literature,Study and analysis of written and oral texts as artistic and cultural artefacts,–,–,–,–,TRUE,,,,,,,,1,S,1
Logics,Study of correct reasoning,–,–,–,–,TRUE,,,,,,,,1,S,1
Mathematics,"Area of knowledge – study of magnitude, number, and forms",–,–,–,–,TRUE,,,,,,,,1,S,1
Music theory,"Analytical study of music’s structures, systems and compositional techniques",–,–,–,–,TRUE,,,,,,,,1,S,1
Philosophy,Study of general and fundamental questions – science of knowledge or wisdom [citation needed][relevant?],–,–,–,–,TRUE,,,,,,,,1,S,1
Physics,Scientific field of study,–,–,–,–,TRUE,,,,,,,,1,S,1
Psychology,Study of mental functions and behaviors,–,–,–,–,TRUE,,,,,,,,1,S,1
Abiology,"Study of abiotic matter and physicochemical processes that occur independently of life, including those that may have preceded its origin",Physics,Chemistry,–,–,,TRUE,,,,,,,2,B,
Abiophysiology,"Investigation of life-like physicochemical processes in non-living systems, especially as models for physiology",Biology,Physics,Chemistry,–,,TRUE,,,,,,,2,B,
Acanthology,Branch of zoology that examines spined or spine-bearing organisms (notably echinoids) and the taxonomic significance of their spines,Biology,–,–,–,,TRUE,,,,,,,2,B,
Acoustics,Branch of physics involving mechanical waves – the branch of physics studying the properties of sound.,Physics,Mathematics,–,–,,TRUE,,,,,,,2,B,
Actinobiology,Study of effects of radiation on living things – synonymous with radiobiology.,Biology,Physics,Chemistry,–,,TRUE,,,,,,,2,B,
Aerodynamics,Branch of dynamics concerned with studying the motion of air,Physics,Mathematics,–,–,,TRUE,,,,,,,2,B,
Aerology,Upper-atmosphere branch of meteorology that analyses atmospheric conditions above the planetary boundary layer, = Atmospheric Science,–,–,–,,TRUE,,,,,,,2,B,
Aerostatics,Study of gases that are not in motion,Mathematics,Physics,–,–,,TRUE,,,,,,,2,B,
Aesthetics,"Philosophical field that analyses beauty, taste and the creation or appreciation of art",Art,Philosophy,–,–,,TRUE,,,,,,,2,B,1
Agnoiology,"Epistemological study of the varieties, sources and classifications of ignorance and the unknown",Philosophy,–,–,–,,TRUE,,,,,,,2,B,
Agonistics,Chemical which binds to and activates a biochemical receptor,Chemistry,Biology,–,–,,TRUE,,,,,,,2,B,
Agrology,"Soil science, study of soils, especially agricultural soils.[9]", = Soil Science,–,–,–,,TRUE,,,,,,,2,B,
Algebra,Branch of mathematics,Mathematics,–,–,–,,TRUE,,,,,,,2,B,
Apiology,Scientific study of bees,Biology,–,–,–,,TRUE,,,,,,,2,B,
Art history,"Scholarly study of artworks, artists and artistic movements in their cultural and historical contexts",History,Art,–,–,,TRUE,,,,,,,2,B,1
Astronomy,Scientific study of celestial objects,Physics,–,–,–,,TRUE,,,,,,,2,S,1
Atmospheric Science,Inter-disciplinary science that investigates the physical and chemical processes of Earth’s atmosphere,Physics,–,–,–,,TRUE,,,,,,,2,B,
Autology,Word that expresses a property it also possesses – scientific study of oneself.[citation needed],Psychology,Philosophy,–,–,,TRUE,,,,,,,2,B,
Automata theory,Study of abstract machines and automata,Computer Science,Mathematics,–,–,,TRUE,,,,,,,2,B,
Barology,study of gravitational force.[13],Physics,–,–,–,,TRUE,,,,,,,2,B,
Biochemistry,Study of chemical processes in living organisms,Chemistry,Biology,–,–,,TRUE,,,,,,,2,B,1
Biophysics,Study of biological systems using methods from the physical sciences – study of physics of biological phenomena.,Physics,Biology,–,–,,TRUE,,,,,,,2,B,
Botany,Study of plant life,Biology,–,–,–,,TRUE,,,,,,,2,B,
Chaology,Field of mathematics and science based on non-linear systems and initial conditions,Mathematics,Physics,Computer Science,–,,TRUE,,,,,,,2,B,
Chaos theory,Field of mathematics and science based on non-linear systems and initial conditions,Mathematics,Physics,–,–,,TRUE,,,,,,,2,B,
Chorology (geography),"Study of regional causal relationships between physical geographic phenomena (e.g., how topography, climate and soils interact within a delimited area)",Geography,–,–,–,,TRUE,,,,,,,2,B,
Classical mechanics,Description of large objects' physics – study of motion of macroscopic objects.,Physics,Mathematics,–,–,,TRUE,,,,,,,2,B,
Comparative literature,"Literary discipline comparing texts across languages, cultures and periods",Literature,Cultural Studies,–,–,,TRUE,,,,,,,2,B,1
Earth Science,includes all fields of natural science related to the planet Earth.[1],Chemistry,Physics,–,–,,TRUE,,,,,,,2,S,1
Embryology,Branch of biology studying prenatal biology,Biology,–,–,–,,TRUE,,,,,,,2,B,
Engineering,"Profession applying scientific principles to design, build and optimise systems, structures and devices",Physics,Mathematics,–,–,,TRUE,,,,,,,2,T,
Enigmatology,Problem or enigma that tests – study of enigmas (puzzles).[relevant?],Mathematics,Computer Science,Psychology,–,,TRUE,,,,,,,2,B,
Fluid statics,Branch of fluid mechanics that studies fluids at rest – study of fluids behaviour at rest.,Physics,Mathematics,–,–,,TRUE,,,,,,,2,B,
Food science,"Study of the physical, chemical and biological properties of food and food processing",Chemistry,Biology,–,–,,TRUE,,,,,,,2,B,
Forensic science,Application of science to criminal and civil laws – the use of scientific methods or expertise to investigate crimes or examine evidence that might be presented in a court of law,Chemistry,Biology,–,–,,TRUE,,,,,,,2,B,
Genetics,"Science of genes, heredity, and variation in living organisms",Biology,–,–,–,,TRUE,,,,,,,2,B,
Geology,Scientific study of Earth's physical composition – study of the rocks of a planet, = Earth Science,–,–,–,,TRUE,,,,,,,2,B,
Geomatics,"Technology-driven discipline for acquiring, processing and visualising geospatial information",Geography,Computer Science,–,–,,TRUE,,,,,,,2,T,
Geomatics engineering,"Technology-driven discipline for acquiring, processing and visualising geospatial information", = Geomatics,–,–,–,,TRUE,,,,,,,2,T,
Geometry,"Branch of mathematics – study the sizes, shapes, positions, angles and dimensions of things.",Mathematics,–,–,–,,TRUE,,,,,,,2,B,
Geoscience,includes all fields of natural science related to the planet Earth.[1], = Earth Science,–,–,–,,TRUE,,,,,,,2,S,1
GIS,"Technology-driven discipline for acquiring, processing and visualising geospatial information", = Geomatics,–,–,–,,TRUE,,,,,,,2,B,
Glossology,Scientific study of language – study of language; study of the tongue,Linguistics,Psychology,–,–,,TRUE,,,,,,,2,B,
Googology,Numbers significantly larger than those used regularly – study of large numbers,Mathematics,–,–,–,,TRUE,,,,,,,2,B,
Historiography,Study of the methods used by historians,History,Philosophy,–,–,,TRUE,,,,,,,2,B,
Historiology,The study of history.,History,–,–,–,,TRUE,,,,,,,2,B,
Iatrology,treatise or text on medical topics; study of medicine [citation needed], = Medicine,–,–,–,,TRUE,,,,,,,2,B,
Ideogeny,study of origins of ideas [citation needed],Philosophy,Psychology,–,–,,TRUE,,,,,,,2,B,
Idiomology,"study of idiom, jargon or dialect [citation needed][relevant?]",Linguistics,–,–,–,,TRUE,,,,,,,2,B,
Information science,Academic field concerned with collection and analysis of information,Mathematics,Computer Science,–,–,,TRUE,,,,,,,2,S,1
Information security,"Discipline protecting information assets against unauthorised access, disclosure or modification",Computer Science,Mathematics,–,–,,TRUE,,,,,,,2,B,
Innovation Studies,"Handled as synonym for ""Thought process for making the strange familiar and the familiar strange – study of processes of invention""", = Synectics,–,–,–,,TRUE,,,,,,,2,B,
Japanology,"Area studies focused on Japan – The study of Japan, its language, culture and history[29]",Cultural Studies,History,Linguistics,–,,TRUE,,,,,,,2,B,
Kinematics,Branch of physics describing the motion of objects without considering forces – study of motion,Physics,Mathematics,–,–,,TRUE,,,,,,,2,B,
Kinetics,Subfield of physics – study of forces producing or changing motion,Physics,Chemistry,Mathematics,–,,TRUE,,,,,,,2,B,
Library and information science,"Branch of academic disciplines – study of organization, access, collection, and protection/regulation of information, whether in physical or digital forms.[citation needed]", = Information science,–,–,–,,TRUE,,,,,,,2,B,
Library science,Branch of academic disciplines – study of collection of information [citation needed], = Information science,–,–,–,,TRUE,,,,,,,2,B,
Ludology,Study of games and the act of playing them,Cultural Studies,Psychology,Computer Science,–,,TRUE,,,,,,,2,B,
Materials science,"Interdisciplinary field exploring the properties, performance and applications of materials",Chemistry,Physics,–,–,,TRUE,,,,,,,2,B,
Mechanics,Science concerned with physical bodies subjected to forces or displacements,Physics,Mathematics,–,–,,TRUE,,,,,,,2,B,
Medicine,"Diagnosis, treatment, and prevention of illness[relevant?]",Biology,Chemistry,–,–,,TRUE,,,,,,,2,B,
Melology,Scholarly study of music – study of music; musicology [relevant?], = Musicology,–,–,–,,TRUE,,,,,,,2,B,
Mereology,Study of parts and the wholes they form – study of part-whole relationships,Philosophy,Logics,Mathematics,–,,TRUE,,,,,,,2,B,
Metaphysics,Study of fundamental reality – study of principles of nature and thought [relevant?],Philosophy,–,–,–,,TRUE,,,,,,,2,B,
Metapsychology,Psychological aspect – study of nature of the mind [citation needed][relevant?],Psychology,Philosophy,–,–,,TRUE,,,,,,,2,B,
Microbiology,Study of microscopic organisms (microbes),Biology,Chemistry,–,–,,TRUE,,,,,,,2,B,
Morphology,study of forms and the development of structures [relevant?],Biology,Linguistics,–,–,,TRUE,,,,,,,2,B,
Musicology,Scholarly study of music – study of music [relevant?],Music theory,History,Cultural Studies,–,,TRUE,,,,,,,2,B,
Navigation,Process of monitoring and controlling the movement of a craft or vehicle from one place to another – study of controlling a movement of a vehicle from one place to another[relevant?],Geography,Physics,Mathematics,–,,TRUE,,,,,,,2,B,
Neutrosophy,study of the origin and nature of philosophical neutralities [citation needed][relevant?],Philosophy,Logics,–,–,,TRUE,,,,,,,2,B,
Noology,Spanish philosopher (1898–1983) – science of the intellect [citation needed],Philosophy,Psychology,–,–,,TRUE,,,,,,,2,B,
Onomastics,Study of proper names[relevant?],Linguistics,History,–,–,,TRUE,,,,,,,2,B,
Optics,Branch of physics that studies light,Physics,Mathematics,–,–,,TRUE,,,,,,,2,B,
Organic chemistry,"Chemistry branch focused on the structure, properties and reactions of carbon-based compounds",Chemistry,–,–,–,,TRUE,,,,,,,2,B,1
Palaeography,"Study of ancient and historical handwriting forms to date, read and contextualise manuscripts",History,Linguistics,–,–,,TRUE,,,,,,,2,B,
Paleography,"Study of ancient and historical handwriting forms to date, read and contextualise manuscripts", = Palaeography,–,–,–,,TRUE,,,,,,,2,B,
Paradoxology,Logically self-contradictory statement – study of paradoxes [citation needed],Logics,Philosophy,–,–,,TRUE,,,,,,,2,B,
Paroemiology,study of proverbs[citation needed],Linguistics,Cultural Studies,–,–,,TRUE,,,,,,,2,B,
Particle physics,Study of subatomic particles and forces,Physics,Mathematics,–,–,,TRUE,,,,,,,2,B,
Performing arts,"Creative disciplines (music, theatre, dance, etc.) presented live for an audience",Art,–,–,–,,TRUE,,,,,,,2,P,
Phenomenology,Philosophical method and schools of philosophy – study of phenomena [citation needed][relevant?],Philosophy,Psychology,–,–,,TRUE,,,,,,,2,B,
Philology,Study of language in historical sources,Linguistics,History,–,–,,TRUE,,,,,,,2,B,
Philosophy of science,"Critical inquiry into the foundations, methods and implications of scientific practice",Philosophy,–,–,–,,TRUE,,,,,,,2,B,1
Phonology,Study of sound organization in languages,Linguistics,–,–,–,,TRUE,,,,,,,2,B,
Phraseology,Linguistic study of phrases[relevant?],Linguistics,–,–,–,,TRUE,,,,,,,2,B,
Phytology,Study of plant life, = Botany,–,–,–,,TRUE,,,,,,,2,B,
Pseudology,art or science of lying [citation needed][relevant?],Psychology,Philosophy,–,–,,TRUE,,,,,,,2,B,
Punnology,study of puns[39],Linguistics,Cultural Studies,–,–,,TRUE,,,,,,,2,B,
Quantum mechanics,Description of physical properties at the atomic and subatomic scale – a fundamental theory in physics which describes nature at the smallest scales of energy levels of atoms and subatomic particles[citation needed],Physics,Mathematics,–,–,,TRUE,,,,,,,2,B,
Quantum physics,Description of physical properties at the atomic and subatomic scale – the study of matter and energy at the most fundamental level[citation needed], = Quantum mechanics,–,–,–,,TRUE,,,,,,,2,B,
Radiochemistry,Chemistry of radioactive materials – study of ordinary chemical reactions under radioactive circumstances[citation needed],Chemistry,Physics,–,–,,TRUE,,,,,,,2,B,
Religion,Study of the nature of deities and religious beliefs - study of religion[citation needed][relevant?], = Theology,–,–,–,,TRUE,,,,,,,2,S,1
Schematonics,art of using gesture to express tones [citation needed][relevant?],Psychology,Linguistics,–,–,,TRUE,,,,,,,2,B,
Scientific modelling,Scientific activity that produces models – study of application of models to understand a particular problem [citation needed],Mathematics,Computer Science,–,–,,TRUE,,,,,,,2,B,
Scientific programming,Language for communicating instructions to a machine – study of programming [citation needed][relevant?],Computer Science,Mathematics,–,–,,TRUE,,,,,,,2,B,1
Semantics,Study of meaning in language,Linguistics,Philosophy,–,–,,TRUE,,,,,,,2,B,
Semantology,science of meanings of words [citation needed], = Semantics,–,–,–,,TRUE,,,,,,,2,B,
Significs,Linguistic and philosophical term – science of meaning[citation needed] [relevant?],Linguistics,Philosophy,–,–,,TRUE,,,,,,,2,B,
Sinology,Area studies focused on China,Cultural Studies,History,Linguistics,–,,TRUE,,,,,,,2,B,
Sociology,Social science that studies human society and its development,Psychology,–,–,–,,TRUE,,,,,,,2,S,1
Soil Science,"Soil science, study of soils, especially agricultural soils.[9]",Chemistry,–,–,–,,TRUE,,,,,,,2,B,
Spectrology,Study involving matter and electromagnetic radiation,Physics,Chemistry,–,–,,TRUE,,,,,,,2,B,
Spectroscopy,Study involving matter and electromagnetic radiation – study of spectra,Physics,Chemistry,–,–,,TRUE,,,,,,,2,B,
Statics,Branch of mechanics concerned with balance of forces in nonmoving systems,Physics,Mathematics,–,–,,TRUE,,,,,,,2,B,
Statistics,"discipline that concerns the collection, organization, analysis, interpretation, and presentation of data.[2]",Mathematics,–,–,–,,TRUE,,,,,,,2,B,1
Stereochemistry,Subdiscipline of chemistry – study of chemistry of the relative spatial arrangement of atoms that form the structure of molecules and their manipulation. [citation needed],Chemistry,–,–,–,,TRUE,,,,,,,2,B,
Surveying,"Technology-driven discipline for acquiring, processing and visualising geospatial information", = Geomatics,–,–,–,,TRUE,,,,,,,2,T,
Synectics,Thought process for making the strange familiar and the familiar strange – study of processes of invention,Psychology,–,–,–,,TRUE,,,,,,,2,B,
Syntax,System responsible for combining morphemes into complex structures – study of sentence structure,Linguistics,–,–,–,,TRUE,,,,,,,2,B,
Taxonomy,"Science of naming, defining and classifying organisms",Biology,–,–,–,,TRUE,,,,,,,2,B,
Technology,"application of conceptual knowledge to achieve practical goals, especially in a reproducible way.",Physics,–,–,–,,TRUE,,,,,,,2,S,1
Technology Studies,"application of conceptual knowledge to achieve practical goals, especially in a reproducible way.", = Technology,–,–,–,,TRUE,,,,,,,2,S,1
Teleology,Thinking in terms of destiny or purpose – study of final causes; analysis in terms of purpose[citation needed][relevant?],Philosophy,–,–,–,,TRUE,,,,,,,2,B,
Theology,Study of the nature of deities and religious beliefs - study of religion[citation needed][relevant?],Philosophy,History,–,–,,TRUE,,,,,,,2,B,1
Theoretical computer science,Subfield of computer science and mathematics,Computer Science,Mathematics,–,–,,TRUE,,,,,,,2,B,
Thermodynamics,"Physics of heat, work, and temperature",Physics,Chemistry,Mathematics,–,,TRUE,,,,,,,2,B,
Timbrology,study of postage stamps [citation needed],History,–,–,–,,TRUE,,,,,,,2,B,
Topology,Branch of mathematics – study of places and their natural features[citation needed],Mathematics,–,–,–,,TRUE,,,,,,,2,B,
Toponymics,Study of place names, = Toponymy,–,–,–,,TRUE,,,,,,,2,B,
Toponymy,Study of place names,Geography,Linguistics,–,–,,TRUE,,,,,,,2,B,
Typography,Art of arranging type – art and technique of arranging type[citation needed],Art,–,–,–,,TRUE,,,,,,,2,B,
Zoology,Scientific study of animals,Biology,–,–,–,,TRUE,,,,,,,2,B,
Cryptology,Practice and study of secure communication techniques – study of codes., = Cryptography,–,–,–,,,TRUE,,,,,,3,B,
Acanthochronology,Study of cactus spines and the chronology of their growth,Botany,Biology,–,–,,,TRUE,,,,,,3,B,
Adenology,Historic term for the study of glands—especially endocrine glands—and the diseases that affect them, = Endocrinology,–,–,–,,,TRUE,,,,,,3,B,
Aerobiology,Study of airborne organisms,Atmospheric Science,Biology,–,–,,,TRUE,,,,,,3,B,
Aerolithology,Science of meteorites – study of aerolites; meteorites.[7],Geology,Astronomy,Chemistry,–,,,TRUE,,,,,,3,B,
Aeropalynology,study of pollens and spores in atmosphere.[8],Botany,Atmospheric Science,–,–,,,TRUE,,,,,,3,B,
Aerospace Engineering,Branch of engineering,Engineering,Physics,–,–,,,TRUE,,,,,,3,B,
Agriculture,Science of cultivating the earth – study of agriculture, = Geoponics,–,–,–,,,TRUE,,,,,,3,B,
Agrobiology,Interdisciplinary studies of the interactions between plants and soil,Biology,Soil Science,–,–,,,TRUE,,,,,,3,B,
Agrogeology,Study of origins and applications of minerals important to farming,Geology,Soil Science,–,–,,,TRUE,,,,,,3,B,
Agronomy,Science of producing and using plants,Biology,Soil Science,Chemistry,–,,,TRUE,,,,,,3,B,
Agrostology,Scientific study of the grasses,Botany,Biology,–,–,,,TRUE,,,,,,3,B,
Algology (biology),"Branch of botany—more commonly called phycology—devoted to the taxonomy, physiology and ecology of algae", = Phycology,–,–,–,,,TRUE,,,,,,3,B,
Anatomy,Study of the structure of organisms,Biology,Medicine,–,–,,,TRUE,,,,,,3,B,
Andrology,Medical specialty – study of men's physiology.,Medicine,Biology,–,–,,,TRUE,,,,,,3,B,
Angiology,"Branch of internal medicine, which deals with vascular disease",Medicine,Biology,–,–,,,TRUE,,,,,,3,B,
Arachnology,"Scientific study of arachnides such as spiders, ticks and mites",Biology,Zoology,–,–,,,TRUE,,,,,,3,B,
Archaeology,Study of human activity based on materials left behind,Earth Science,History,–,–,,,TRUE,,,,,,3,B,1
Archelogy,study of first principles.[10],Metaphysics,Logics,–,–,,,TRUE,,,,,,3,B,
Architecture,Applied art and engineering discipline concerned with designing and constructing built environments,Geometry,Materials Science,–,–,,,TRUE,,,,,,3,B,1
Archival science,"Science of storage, registration and preservation of historical data",Information Science,History,–,–,,,TRUE,,,,,,3,B,
Aristology,the art or science of cooking and dining – science or art of dining.[relevant?],Food Science,Biology,Chemistry,–,,,TRUE,,,,,,3,B,
Arthrology,Scientific study of joints and articulations,Medicine,Biology,–,–,,,TRUE,,,,,,3,B,
Arthropodology,Study of arthropods,Biology,Zoology,–,–,,,TRUE,,,,,,3,B,
Astacology,Scientific study of crayfish,Biology,Zoology,–,–,,,TRUE,,,,,,3,B,
Asteroseismology,Study of oscillations in stars,Astronomy,Physics,–,–,,,TRUE,,,,,,3,B,
Astrobiology,Science concerned with life in the universe,Astronomy,Biology,–,–,,,TRUE,,,,,,3,B,
Astrodynamics,Field of classical mechanics concerned with the motion of spacecraft,Physics,Astronomy,Mathematics,–,,,TRUE,,,,,,3,B,
Astrogeology,Geology of astronomical objects apparently in orbit around stellar objects,Astronomy,Geology,–,–,,,TRUE,,,,,,3,B,
Astrophysics,Subfield of astronomy – study of behaviour of interstellar matter.,Physics,Astronomy,–,–,,,TRUE,,,,,,3,B,
Atmology,the science of aqueous vapor.[11],Physics,Earth Science,–,–,,,TRUE,,,,,,3,B,
Audiology,"Branch of science that studies hearing, balance, and related disorders",Medicine,Biology,Acoustics,–,,,TRUE,,,,,,3,B,
Auxology,Study of all aspects of human physical growth,Biology,Medicine,–,–,,,TRUE,,,,,,3,B,
Bacteriology,Subdiscipline of microbiology that studies bacteria,Biology,Microbiology,–,–,,,TRUE,,,,,,3,B,
Batology,Study of brambles,Botany,Biology,–,–,,,TRUE,,,,,,3,B,
Behavioural genetics,Study of genetic-environment interactions influencing behaviour,Genetics,Psychology,–,–,,,TRUE,,,,,,3,B,
Bibliology,Organized listing of books and the systematic description of them as objects,Library Science,History,–,–,,,TRUE,,,,,,3,B,
Bibliotics,study of documents to determine authenticity.,Palaeography,History,–,–,,,TRUE,,,,,,3,B,
Biogeochemistry,Study of chemical cycles of the earth that are either driven by or influence biological activity,Geology,Chemistry,Biology,–,,,TRUE,,,,,,3,B,
Biometrics,Metrics related to human characteristics,Computer Science,Statistics,Biology,–,,,TRUE,,,,,,3,B,
Bionomics (biology),Historical synonym for ecology (study of organisms in their environment), = Ecology,–,–,–,,,TRUE,,,,,,3,B,
Bromatology,Applied science devoted to the study of food – study of food.,Food Science,Chemistry,Biology,–,,,TRUE,,,,,,3,B,
Cacogenics,Decrease in genetic traits deemed desirable and study thereof,Genetics,Ethics,Sociology,–,,,TRUE,,,,,,3,B,
Calorifics,study of heat – relating to the production of heat [14],Physics,Thermodynamics,–,–,,,TRUE,,,,,,3,B,
Carcinology,Study of crustaceans,Zoology,Biology,–,–,,,TRUE,,,,,,3,B,
Caricology,Study of sedges,Botany,Biology,–,–,,,TRUE,,,,,,3,B,
Carpology,Study of seeds and fruit,Botany,Biology,–,–,,,TRUE,,,,,,3,B,
Cartography,Study and practice of making maps – science of making maps and globes.,Geography,Geomatics,Computer Science,–,,,TRUE,,,,,,3,B,
Catacoustics,science of echoes or reflected sounds.[citation needed],Acoustics,Mathematics,–,–,,,TRUE,,,,,,3,B,
Celestial mechanics,Branch of astronomy – study of motion of objects in outer space.,Astronomy,Physics,Mathematics,–,,,TRUE,,,,,,3,B,
Cell biology,Branch of biology that studies cells – study of the different structures and functions of both eukaryote and prokaryote cells.,Biology,Biochemistry,–,–,,,TRUE,,,,,,3,B,
Characterology,The study of character – study of development of character.,Psychology,Sociology,–,–,,,TRUE,,,,,,3,B,
Chirography,Study of penmanship and handwriting in all of its aspects – study of handwriting or penmanship.,Palaeography,History,–,–,,,TRUE,,,,,,3,B,
Chromatics,Technique to quantify and describe physically the human color perception – study of color.,Optics,Physics,Psychology,–,,,TRUE,,,,,,3,B,
Chrysology,study of precious metals.[citation needed],Geology,Chemistry,Materials Science,–,,,TRUE,,,,,,3,B,
Civil engineering,"Engineering specialty that designs, builds and maintains infrastructure such as roads, bridges and water systems",Engineering,Physics,–,–,,,TRUE,,,,,,3,B,1
Climate Science,"Scientific study of climate, defined as weather conditions averaged over a period of time – study of climate.", = Climatology,–,–,–,,,TRUE,,,,,,3,B,
Climatology,"Scientific study of climate, defined as weather conditions averaged over a period of time – study of climate.",Atmospheric Science,Earth Science,Physics,–,,,TRUE,,,,,,3,B,
Codicology,Study of codices or manuscript books,Palaeography,History,Information science,–,,,TRUE,,,,,,3,B,
Communication studies,"Social-science field examining human and mediated communication processes, messages and effects",Sociology,Linguistics,–,–,,,TRUE,,,,,,3,B,
Coniology,Study of atmospheric dust and its effects,Atmospheric Science,–,–,–,,,TRUE,,,,,,3,B,
Coprology,Study of faeces,Medicine,Biology,–,–,,,TRUE,,,,,,3,B,
Cosmochemistry,Study of the chemical composition of matter in the universe,Astronomy,Chemistry,Geology,–,,,TRUE,,,,,,3,B,
Cosmology,"Scientific study of the origin, evolution, and eventual fate of the universe",Astronomy,Physics,–,–,,,TRUE,,,,,,3,B,
Criminal Justice,Study of crime and criminal actions/behavior, = Criminology,–,–,–,,,TRUE,,,,,,3,B,
Criminology,Study of crime and criminal actions/behavior,Sociology,Psychology,Law,–,,,TRUE,,,,,,3,B,
Cryobiology,Study of effects of extreme low temperatures on life,Biology,Physics,Medicine,–,,,TRUE,,,,,,3,B,
Cryptography,Practice and study of secure communication techniques,Computer Science,Mathematics,Information Security,–,,,TRUE,,,,,,3,B,
Cynology,Study of canines or domestic dogs,Zoology,Genetics,–,–,,,TRUE,,,,,,3,B,
Cytology,"Study of cells in terms of structure, function and chemistry",Biology,Biochemistry,Medicine,–,,,TRUE,,,,,,3,B,
Data science,"Field of study to extract knowledge from data – study of analyzing, processing, interpreting and extracting data.",Computer Science,Statistics,Mathematics,–,,,TRUE,,,,,,3,B,
Dentistry,"Medical specialty focused on oral health, diagnosis and treatment of teeth and related structures",Medicine,Biology,–,–,,,TRUE,,,,,,3,B,
Dialectology,Scientific study of linguistic dialect,Linguistics,Geography,Sociology,–,,,TRUE,,,,,,3,B,
Dioptrics,Science of light and lenses,Optics,Physics,Engineering,–,,,TRUE,,,,,,3,B,
Dynamics,Study of forces and their effect on motion,Physics,Mathematics,Engineering,–,,,TRUE,,,,,,3,B,
Dysgenics,Decrease in genetic traits deemed desirable and study thereof.,Genetics,Sociology,Ethics,–,,,TRUE,,,,,,3,B,
Ecology,Study of organisms and their environment,Biology,Earth Science,–,–,,,TRUE,,,,,,3,B,
Economics,"Social science – study of material wealth (production, distribution, and consumption of goods and services).",Mathematics,Sociology,–,–,,,TRUE,,,,,,3,S,1
Economy,"Social science – study of material wealth (production, distribution, and consumption of goods and services).", = Economics,–,–,–,,,TRUE,,,,,,3,S,1
Edaphology,Science concerned with the influence of soils on living beings,Soil Science,Biology,–,–,,,TRUE,,,,,,3,B,
Education,"Science and art of teaching, learning processes and educational theory", = Pedagogy,–,–,–,,,TRUE,,,,,,3,B,
Electrical Engineering,"Engineering branch dealing with electricity, electronics and electromagnetism",Engineering,Physics,–,–,,,TRUE,,,,,,3,T,
Electrochemistry,Branch of chemistry – study of relations between electricity and chemicals.,Chemistry,Physics,Materials Science,–,,,TRUE,,,,,,3,B,
Endocrinology,Branch of medicine pertaining to the endocrine system,Medicine,Biology,Biochemistry,–,,,TRUE,,,,,,3,B,
Energetics,study of energy under transformation – study of energy under transformation within various fields.,Physics,Chemistry,Engineering,–,,,TRUE,,,,,,3,B,
Engineering studies,Academic field – study of engineering.,Engineering,Physics,Mathematics,–,,,TRUE,,,,,,3,B,
Entomology,Scientific study of insects,Zoology,–,–,–,,,TRUE,,,,,,3,B,
Enzymology,Large biological molecule that acts as a catalyst – study of enzymes.,Biochemistry,Biology,Chemistry,–,,,TRUE,,,,,,3,B,
Epidemiology,Study of health and disease within a population,Medicine,Statistics,–,–,,,TRUE,,,,,,3,B,
Ethology,Scientific objective study of non-human animal behaviour – study of natural or biological character.,Biology,Psychology,Zoology,–,,,TRUE,,,,,,3,B,
Etymology,Study of the origin and evolution of words – study of origins of words.,Linguistics,History,Philology,–,,,TRUE,,,,,,3,B,
Evolutionary biology,Biological science investigating the origins and diversification of life through evolutionary processes,Genetics,Biology,–,–,,,TRUE,,,,,,3,B,
Exobiology,Science concerned with life in the universe – study of extraterrestrial life.,Astronomy,Biology,Chemistry,–,,,TRUE,,,,,,3,B,
Fluid dynamics,Aspects of fluid mechanics involving fluid flow,Physics,Mathematics,Engineering,–,,,TRUE,,,,,,3,B,
Fluid mechanics,"Branch of physics concerned with the mechanics of fluids (liquids, gases, and plasmas) – study of fluids behaviour at rest and in motion.",Physics,Mathematics,Engineering,–,,,TRUE,,,,,,3,B,
Futurology,"Study of postulating possible, probable, and preferable futures",Sociology,Technology,–,–,,,TRUE,,,,,,3,B,
Gemmology,Science dealing with natural and artificial gemstone materials – study of gems and jewels,Geology,Chemistry,Materials Science,–,,,TRUE,,,,,,3,B,
Gender Studies,Interdisciplinary field of study – study of gender,Sociology,Cultural Studies,Psychology,–,,,TRUE,,,,,,3,B,
Genesiology,study of reproduction and heredity [citation needed],Genetics,Embryology,–,–,,,TRUE,,,,,,3,B,
Geochemistry,Science that applies chemistry to analyze geological systems – study of chemistry of the Earth's crust,Chemistry,Geology,Earth Science,–,,,TRUE,,,,,,3,B,
Geochronology,"Science of determining the age of rocks, sediments and fossils – study of measuring geological time",Geology,Chemistry,Physics,–,,,TRUE,,,,,,3,B,
Geodesy,"Earth-science field that measures and models Earth’s shape, gravity field and rotation",Earth Science,Mathematics,–,–,,,TRUE,,,,,,3,B,
Geomorphogeny,"study of the characteristics, origins, and development of land forms[citation needed]",Geology,–,–,–,,,TRUE,,,,,,3,B,
Geomorphology,Scientific study of landforms – study of landforms and landform evolution,Geology,Geography,Earth Science,–,,,TRUE,,,,,,3,B,
Geophysics,Earth-science discipline applying physical principles to study Earth’s interior and dynamic processes,Physics,Earth science,–,–,,,TRUE,,,,,,3,B,1
Geoponics,Science of cultivating the earth – study of agriculture,Biology,Soil Science,–,–,,,TRUE,,,,,,3,B,
Geotechnics,Scientific study of earth materials in engineering problems – study of increasing habitability of the Earth,Engineering,Geology,Soil Science,–,,,TRUE,,,,,,3,B,
Geratology,"Study of the social, psychological and biological aspects of aging – study of decadence and decay", = Gerontology,–,–,–,,,TRUE,,,,,,3,B,
Gerontology,"Study of the social, psychological and biological aspects of aging",Medicine,Biology,Sociology,–,,,TRUE,,,,,,3,B,
Glass Science,"study, art and technology of glassy materials; glassware [citation needed][relevant?]", = Vitrics,–,–,–,,,TRUE,,,,,,3,B,
Gnotobiology,Organism with fully-known microorganisms – study of life in germ-free conditions,Microbiology,Biology,–,–,,,TRUE,,,,,,3,B,
Graminology,Scientific study of the grasses,Botany,–,–,–,,,TRUE,,,,,,3,B,
Graphology,Pseudoscientific analysis of handwriting – study of handwriting [relevant?],Psychology,Forensic Science,–,–,,,TRUE,,,,,,3,B,
Gynaecology,Medical area for women's reproductive health – study of women's physiology,Medicine,Biology,–,–,,,TRUE,,,,,,3,B,
Gynecology,Medical area for women's reproductive health – study of women's physiology, = Gynaecology,–,–,–,,,TRUE,,,,,,3,B,
Harmonics,Science of musical sounds,Acoustics,Physics,Musicology,–,,,TRUE,,,,,,3,B,
Heliology,Scientific study of the sun,Astronomy,Physics,–,–,,,TRUE,,,,,,3,B,
Helioseismology,Study of the structure and dynamics of the Sun through its oscillation,Astronomy,Physics,–,–,,,TRUE,,,,,,3,B,
Hepatology,"Medical specialty – study of liver, gallbladder, biliary tree, and pancreas",Medicine,Biology,–,–,,,TRUE,,,,,,3,B,
Heraldry,"Historical study and design of coats of arms, armorial bearings and related symbolism",History,Art history,–,–,,,TRUE,,,,,,3,B,1
Heredity,Passing of traits to offspring from the species' parents or ancestor – study of passing of traits from parents to offspring [citation needed],Genetics,–,–,–,,,TRUE,,,,,,3,B,
Herpetology,Study of amphibians and reptiles,Biology,Zoology,–,–,,,TRUE,,,,,,3,B,
Hippology,Study of horses,Zoology,Biology,–,–,,,TRUE,,,,,,3,B,
History of science,"Examination of the development of scientific ideas, practices and institutions through time",History,Philosophy of science,–,–,,,TRUE,,,,,,3,B,1
History of technology,Investigation of technological innovation and its social impacts across history,History,Engineering,–,–,,,TRUE,,,,,,3,T,
Horography,art of constructing sundials or clocks [citation needed],Astronomy,Mathematics,Engineering,–,,,TRUE,,,,,,3,B,
Horology,Art or science of measuring time – science of time measurement [citation needed],Physics,Engineering,–,–,,,TRUE,,,,,,3,B,
Hydrology,"Science of the movement, distribution, and quality of water on Earth – study of water resources",Earth Science,–,–,–,,,TRUE,,,,,,3,B,
Hygrometry,Study of gas-vapor mixtures – science of humidity[citation needed],Physics,Atmospheric Science,–,–,,,TRUE,,,,,,3,B,
Hygroscopy,Phenomenon of attracting and holding water molecules – study of humidity[citation needed],Physics,Atmospheric Science,–,–,,,TRUE,,,,,,3,B,
Ichthyology,Branch of zoology devoted to the study of fish,Biology,Zoology,–,–,,,TRUE,,,,,,3,B,
Iconology,Method of interpretation in cultural history – study of icons; symbols [citation needed],Art History,Cultural Studies,–,–,,,TRUE,,,,,,3,B,
Immunology,Branch of medicine studying the immune system,Medicine,Biology,–,–,,,TRUE,,,,,,3,B,
Information technology (IT),Computer-based technology,Computer Science,Engineering,–,–,,,TRUE,,,,,,3,B,
Insectology,"Scientific study ofi insects, or relationships between insects and humans", = Entomology,–,–,–,,,TRUE,,,,,,3,B,
Kalology,study of beauty [relevant?],Philosophy,Art History,Psychology,–,,,TRUE,,,,,,3,B,
Koniology,Study of atmospheric dust and its effects – study of atmospheric pollutants and dust, = Coniology,–,–,–,,,TRUE,,,,,,3,B,
Lexicology,Linguistic discipline studying words – study of words and their meanings,Linguistics,Semantics,–,–,,,TRUE,,,,,,3,B,
Lexigraphy,Grapheme which represents a word or a morpheme – art of definition of words [relevant?], = Lexicology,–,–,–,,,TRUE,,,,,,3,B,
Limacology,The study of slugs,Zoology,Biology,–,–,,,TRUE,,,,,,3,B,
Loxodromy,study of sailing along rhumb-lines[citation needed][relevant?],Navigation,Geography,–,–,,,TRUE,,,,,,3,B,
Malacology,Study of molluscs,Biology,Zoology,–,–,,,TRUE,,,,,,3,B,
Mammalogy,Study of mammals,Biology,Zoology,–,–,,,TRUE,,,,,,3,B,
Mastology,Study of mammals – study of mammals [citation needed], = Mammalogy,–,–,–,,,TRUE,,,,,,3,B,
Mazology,mammalogy; study of mammals [citation needed], = Mammalogy,–,–,–,,,TRUE,,,,,,3,B,
Mechanical Engineering,"Engineering branch concerned with the design, analysis and manufacture of mechanical systems",Engineering,Physics,–,–,,,TRUE,,,,,,3,T,
Medical imaging,"Use of technologies (e.g. X-ray, MRI) to visualise internal body structures for clinical diagnosis",Medicine,Physics,–,–,,,TRUE,,,,,,3,B,1
Medical treatment,"Applied health field investigating therapeutic methods for prevention, rehabilitation and cure", = Therapy studies,–,–,–,,,TRUE,,,,,,3,B,
Melissopalynology,The study of pollen contained in honey,Botany,Apiology,Chemistry,–,,,TRUE,,,,,,3,B,
Mesology,Study of organisms and their environment – ecology [citation needed], = Ecology,–,–,–,,,TRUE,,,,,,3,B,
Metallogeny,Study of the genesis and geographic distribution of mineral deposits – study of the origin and distribution of metal deposits,Geology,Chemistry,–,–,,,TRUE,,,,,,3,B,
Metallurgy,Field of science that studies the physical and chemical behavior of metals,Chemistry,Materials Science,Physics,–,,,TRUE,,,,,,3,B,
Metascience,Scientific study of science,Philosophy,Statistics,–,–,,,TRUE,,,,,,3,B,
Meteoritics,"Scientific study of meteors, meteorites and meteoroids",Astronomy,Geology,Chemistry,–,,,TRUE,,,,,,3,B,
Meteorology,Interdisciplinary scientific study of the atmosphere focusing on weather forecasting,Atmospheric Science,Physics,Earth Science,–,,,TRUE,,,,,,3,B,
Methodology,Study of research methods,Statistics,Philosophy of Science,–,–,,,TRUE,,,,,,3,B,
Metrology,Science of measurement and its application,Physics,Engineering,Mathematics,–,,,TRUE,,,,,,3,B,
Microphytology,study of very small plant life [citation needed],Botany,Microbiology,Biology,–,,,TRUE,,,,,,3,B,
Mineralogy,Scientific study of minerals and mineralised artifacts,Geology,Chemistry,–,–,,,TRUE,,,,,,3,B,
Molecular biology,Branch of biology that studies biological systems at the molecular level,Biochemistry,Biology,–,–,,,TRUE,,,,,,3,B,
Morphometrics,Quantitative study of size and shape – study of size and shape,Morphology,Statistics,Mathematics,–,,,TRUE,,,,,,3,B,
Mountain research,Study of mountain environments, = Orology,–,–,–,,,TRUE,,,,,,3,B,
Muscology,Branch of botany concerned with the study of bryophytes – study of mosses,Botany,Biology,–,–,,,TRUE,,,,,,3,B,
Museology,Study of museums[relevant?],History,Library Science,Cultural Studies,–,,,TRUE,,,,,,3,B,
Mycology,Branch of biology concerned with the study of fungi,Biology,Microbiology,Botany,–,,,TRUE,,,,,,3,B,
Nanotechnology,Technology with features near one nanometer[relevant?],Physics,Chemistry,Materials Science,–,,,TRUE,,,,,,3,B,
Nautics,study and art of navigation[citation needed],Navigation,Engineering,Physics,–,,,TRUE,,,,,,3,B,
Nematology,Scientific study of roundworms,Biology,Zoology,–,–,,,TRUE,,,,,,3,B,
Neuroscience,"Scientific study of the nervous system – study of development, work and structure of nervous system",Biology,Medicine,–,–,,,TRUE,,,,,,3,B,
Nosology,Branch of medicine that deals with classification of diseases,Medicine,Biology,–,–,,,TRUE,,,,,,3,B,
Nutritional Science,Science of nutrition,Biology,Chemistry,Medicine,–,,,TRUE,,,,,,3,B,
Obstetrics,Medical specialty concerning pregnancy and childbirth,Medicine,Biology,–,–,,,TRUE,,,,,,3,B,
Oceanography,"Study of physical, chemical, and biological processes in the ocean",Earth Science,Physics,Chemistry,Biology,,,TRUE,,,,,,3,B,
Oceanology,Scientific study of the ocean, = Oceanography,–,–,–,,,TRUE,,,,,,3,B,
Oenology,Study of wine and winemaking,Chemistry,Food Science,–,–,,,TRUE,,,,,,3,B,
Oncology,"Branch of medicine dealing with, or specializing in, cancer",Medicine,Biology,–,–,,,TRUE,,,,,,3,B,
Onomasiology,Branch of linguistics concerned with how to express a given concept – study of nomenclature [citation needed],Linguistics,Semantics,–,–,,,TRUE,,,,,,3,B,
Ontology,Philosophical study of being – science of pure being; the nature of things [relevant?],Philosophy,Metaphysics,Logics,–,,,TRUE,,,,,,3,B,
Ophthalmology,Field of medicine treating eye disorders,Medicine,Biology,–,–,,,TRUE,,,,,,3,B,
Optology,study of sight [citation needed], = Optometry,–,–,–,,,TRUE,,,,,,3,B,
Optometry,Field of medicine treating eye disorders – science of examining the eyes,Medicine,Biology,Optics,–,,,TRUE,,,,,,3,B,
Orbital mechanics,Field of classical mechanics concerned with the motion of spacecraft,Physics,Astronomy,Mathematics,–,,,TRUE,,,,,,3,B,
Orchidology,Scientific study of orchids,Botany,Biology,–,–,,,TRUE,,,,,,3,B,
Organology (music),"Science of musical instruments and their classifications (musicology) – study of musical instruments in relation to history, culture, construction, acoustic properties and classification",Musicology,Acoustics,–,–,,,TRUE,,,,,,3,B,
Ornithology,Study of birds,Zoology,Biology,–,–,,,TRUE,,,,,,3,B,
Orology,Study of mountain environments,Earth Science,Geography,Geology,–,,,TRUE,,,,,,3,B,
Otology,Branch of medicine for the ear,Medicine,Biology,–,–,,,TRUE,,,,,,3,B,
Paidonosology,study of children's diseases; pediatrics[citation needed], = Pediatrics,–,–,–,,,TRUE,,,,,,3,B,
Palaeontology,Study of life before the Holocene epoch,Biology,Geology,–,–,,,TRUE,,,,,,3,B,
Palynology,Study of pollen and other acid-resistant microoscopic organic material,Botany,Geology,–,–,,,TRUE,,,,,,3,B,
Parasitology,"Study of parasites, their hosts, and the relationship between them",Biology,Zoology,Medicine,–,,,TRUE,,,,,,3,B,
Pathology,Study of disease,Medicine,Biology,–,–,,,TRUE,,,,,,3,B,
Pedagogy,"Science and art of teaching, learning processes and educational theory",Sociology,Psychology,–,–,,,TRUE,,,,,,3,B,
Pediatrics,study of children's diseases; pediatrics[citation needed],Medicine,Biology,–,–,,,TRUE,,,,,,3,B,
Pedology,Study of soils in their natural environment,Soil Science,Geology,–,–,,,TRUE,,,,,,3,B,
Pelology,study of mud[36],Soil Science,Geology,–,–,,,TRUE,,,,,,3,B,
Petrology,"Branch of geology that studies the formation, composition, distribution and structure of rocks",Geology,Chemistry,–,–,,,TRUE,,,,,,3,B,
Pharmacology,Science of drugs and medications and their effects,Medicine,Chemistry,Biology,–,,,TRUE,,,,,,3,B,
Pharology,Scientific study of lighthouses and signal lights,Engineering,Optics,Navigation,–,,,TRUE,,,,,,3,B,
Photobiology,Scientific study of light's effect on living organisms,Biology,Optics,Chemistry,–,,,TRUE,,,,,,3,B,
Photonics,Technical applications of optics – study of photons,Physics,Engineering,Optics,–,,,TRUE,,,,,,3,B,
Phycology,Branch of biology concerned with the study of algae,Biology,Botany,–,–,,,TRUE,,,,,,3,B,
Physiology,Science regarding functions in organisms or living systems,Biology,Medicine,–,–,,,TRUE,,,,,,3,B,
Physiotherapy,Health profession using physical methods to restore movement and function, = Therapy studies,–,–,–,,,TRUE,,,,,,3,B,
Piscatology,study of fishes[citation needed], = Ichthyology,–,–,–,,,TRUE,,,,,,3,B,
Pisteology,science or study of faith [citation needed][relevant?],Philosophy,Theology,–,–,,,TRUE,,,,,,3,B,
Planetary science,Science of planets and planetary systems,Astronomy,Geology,Physics,–,,,TRUE,,,,,,3,B,
Planetology,Science of planets and planetary systems, = Planetary science,–,–,–,,,TRUE,,,,,,3,B,
Pneumatics,Use of pressurised gas in mechanical systems – study of mechanics of gases [citation needed][relevant?],Physics,Engineering,–,–,,,TRUE,,,,,,3,B,
Pneumonology,Study of respiratory diseases,Medicine,Biology,–,–,,,TRUE,,,,,,3,B,
Political science,Scientific study of politics,Sociology,History,–,–,,,TRUE,,,,,,3,B,1
Pragmatics,Branch of linguistics and semiotics relating context to meaning,Linguistics,Semantics,–,–,,,TRUE,,,,,,3,B,
Printmaking,Artistic process of creating images by transferring ink from a matrix onto another surface,Art,Materials science,–,–,,,TRUE,,,,,,3,B,1
Protistology,Scientific discipline devoted to the study of protists – study of protists,Biology,Microbiology,–,–,,,TRUE,,,,,,3,B,
Proxemics,Study of human use of space and the effects that population density has on behavior,Psychology,Sociology,–,–,,,TRUE,,,,,,3,B,
Pseudoptics,study of optical illusions[38],Optics,Psychology,–,–,,,TRUE,,,,,,3,B,
Psychogenetics,Study of genetic-environment interactions influencing behaviour – study of internal or mental states,Genetics,Psychology,–,–,,,TRUE,,,,,,3,B,
Pteridology,Class of vascular plants – study of ferns,Botany,Biology,–,–,,,TRUE,,,,,,3,B,
Public health,"Science and art of preventing disease, prolonging life and promoting health through organised societal efforts",Medicine,Sociology,–,–,,,TRUE,,,,,,3,B,1
Pyrography,Art or decoration made from burn marks – study of woodburning,Art,Materials Science,Chemistry,–,,,TRUE,,,,,,3,B,
Pyrotechnics,Science of creating combustibles and explosives for entertainment – study of combustion through fire or explosions,Chemistry,Physics,Engineering,–,,,TRUE,,,,,,3,B,
Quantum computing,"Computer hardware technology that uses quantum mechanics – the exploitation of collective properties of quantum states, such as superposition and entanglement, to perform computation.[citation needed]",Computer Science,Quantum physics,Mathematics,–,,,TRUE,,,,,,3,B,
Radiobiology,"Study of effects of radiation on living tissues – study of the scientific principles, mechanisms, and effects of the interaction of ionizing radiation with living matter",Biology,Physics,Radiochemistry,–,,,TRUE,,,,,,3,B,
Scatology,Study of faeces – study of excrement or obscene literature [citation needed],Biology,Medicine,–,–,,,TRUE,,,,,,3,B,
Sciagraphy,Study of perspective shadow projection – art of shading,Geometry,Engineering,Art,–,,,TRUE,,,,,,3,B,
Science communication,Study and practice of conveying scientific knowledge to non-expert audiences,Philosophy of science,Sociology,–,–,,,TRUE,,,,,,3,B,1
Science Studies,Scientific study of science, = Metascience,–,–,–,,,TRUE,,,,,,3,B,
Sedimentology,Study of natural sediments and their formation processes,Geology,Earth Science,–,–,,,TRUE,,,,,,3,B,
Seismology,Scientific study of earthquakes and propagation of elastic waves through a planet,Geology,Physics,–,–,,,TRUE,,,,,,3,B,
Semasiology,Branch of linguistics about what words mean,Linguistics,Semantics,–,–,,,TRUE,,,,,,3,B,
Sexology,Scientific study of human sexuality,Psychology,Medicine,Sociology,–,,,TRUE,,,,,,3,B,
Social science,Collective term for disciplines that study society and human relationships,Sociology,–,–,–,,,TRUE,,,,,,3,B,
Sociobiology,Subdiscipline of biology regarding social behavior – study of biological basis of human behaviour [citation needed],Biology,Sociology,–,–,,,TRUE,,,,,,3,B,
Sociolinguistics,Study of how society affects language,Linguistics,Sociology,–,–,,,TRUE,,,,,,3,B,
Solid mechanics,Branch of mechanics concerned with solid materials and their behaviors,Physics,Materials Science,Engineering,–,,,TRUE,,,,,,3,B,
Speleology,Science of cave and karst systems,Geology,Earth Science,Geography,–,,,TRUE,,,,,,3,B,
Spermology,Embryonic plant enclosed in a protective outer covering – study of seeds[citation needed],Botany,–,–,–,,,TRUE,,,,,,3,B,
Stellar astronomy,Study of stars and stellar evolution,Astronomy,Physics,–,–,,,TRUE,,,,,,3,B,
Stemmatics,Identification of textual variants – study of relationships between text[citation needed],Philology,Linguistics,History,–,,,TRUE,,,,,,3,B,
Stemmatology,Identification of textual variants – study of relationships between text[citation needed], = Stemmatics,–,–,–,,,TRUE,,,,,,3,B,
Stratigraphy,Study of rock layers and their formation,Geology,Earth Science,–,–,,,TRUE,,,,,,3,B,
Stylometry,Study of writing style – studying literature by means of statistical analysis [citation needed],Linguistics,Literature,Statistics,–,,,TRUE,,,,,,3,B,
Supramolecular chemistry,Branch of chemistry – study of the chemistry of assembled molecular sub-units[citation needed],Chemistry,Materials Science,–,–,,,TRUE,,,,,,3,B,
Surgery,Medical specialty using operative techniques to treat disease or injury,Medicine,Biology,–,–,,,TRUE,,,,,,3,B,1
SynBio,"Engineering-oriented branch of biology that designs and builds new biological parts, devices and systems", = Synthetic biology,–,–,–,,,TRUE,,,,,,3,B,1
Synthetic biology,"Engineering-oriented branch of biology that designs and builds new biological parts, devices and systems",Biology,Genetics,–,–,,,TRUE,,,,,,3,B,1
Systems engineering,"Interdisciplinary approach for designing, integrating and managing complex systems over their life cycles",Engineering,Mathematics,Computer Science,–,,,TRUE,,,,,,3,T,
Systems science,Study of the nature of systems – study of systems,Mathematics,Engineering,Computer Science,–,,,TRUE,,,,,,3,B,
Tectonics,Process of evolution of the Earth's crust,Geology,Physics,–,–,,,TRUE,,,,,,3,B,
Teratology,Study of developmental anomalies,Embryology,Medicine,–,–,,,TRUE,,,,,,3,B,
Textology,Identification of textual variants – study of the production of texts [citation needed],Philology,Linguistics,–,–,,,TRUE,,,,,,3,B,
Thanatology,Scientific study of death and its aspects,Medicine,Psychology,–,–,,,TRUE,,,,,,3,B,
Thaumatology,The study of miracles – study of miracles[citation needed][relevant?],Theology,Philosophy,–,–,,,TRUE,,,,,,3,B,
Therapy,"Applied health field investigating therapeutic methods for prevention, rehabilitation and cure", = Therapy studies,–,–,–,,,TRUE,,,,,,3,B,
Therapy Science,"Applied health field investigating therapeutic methods for prevention, rehabilitation and cure", = Therapy studies,–,–,–,,,TRUE,,,,,,3,B,
Therapy studies,"Applied health field investigating therapeutic methods for prevention, rehabilitation and cure",Medicine,Psychology,–,–,,,TRUE,,,,,,3,B,
Thermokinematics,study of motion of heat [citation needed],Thermodynamics,Physics,–,–,,,TRUE,,,,,,3,B,
Thermology,thermography used for medical diagnosis – study of heat [citation needed],Physics,Thermodynamics,–,–,,,TRUE,,,,,,3,B,
Therology,Study of mammals, = Mammalogy,–,–,–,,,TRUE,,,,,,3,B,
Tocology,Medical specialty encompassing two subspecialties – obstetrics; midwifery[citation needed], = Obstetrics,–,–,–,,,TRUE,,,,,,3,B,
Tokology,Medical specialty encompassing two subspecialties – study of childbirth[citation needed], = Obstetrics,–,–,–,,,TRUE,,,,,,3,B,
Topography,Study of the forms of land surfaces,Geography,Earth Science,–,–,,,TRUE,,,,,,3,B,
Toxicology,Study of substances harmful to living organisms,Chemistry,Medicine,Biology,–,,,TRUE,,,,,,3,B,
Trophology,Science of nutrition, = Nutritional Science,–,–,–,,,TRUE,,,,,,3,B,
Uranology,Science of the heavens (historical),Astronomy,Physics,–,–,,,TRUE,,,,,,3,B,
Urban planning,"Discipline that organises and regulates land use, infrastructure and development in urban areas",Geography,Sociology,–,–,,,TRUE,,,,,,3,B,
Urogynaecology,Sub-specialty of urology and gynaecology,Medicine,Biology,–,–,,,TRUE,,,,,,3,B,
Urogynecology,Sub-specialty of urology and gynaecology, = Urogynaecology,–,–,–,,,TRUE,,,,,,3,B,
Veterinary medicine,Branch of medicine for non-human animals,Medicine,Biology,–,–,,,TRUE,,,,,,3,B,
Veterinary Science,Branch of medicine for non-human animals, = Veterinary medicine,–,–,–,,,TRUE,,,,,,3,B,
Virology,Study of viruses,Microbiology,Medicine,–,–,,,TRUE,,,,,,3,B,
Vitrics,"study, art and technology of glassy materials; glassware [citation needed][relevant?]",Engineering,Materials Science,–,–,,,TRUE,,,,,,3,B,
Volcanology,Study of volcanoes,Geology,Earth Science,Chemistry,–,,,TRUE,,,,,,3,B,
Xylology,Science of wood,Botany,Materials Science,–,–,,,TRUE,,,,,,3,B,
Zoochemistry,study of chemistry of animals,Chemistry,Biology,Zoology,–,,,TRUE,,,,,,3,B,
Zoogeography,Science of the geographic distribution of animal species,Geography,Biology,Zoology,–,,,TRUE,,,,,,3,B,
Zoophysics,Study of physics relating to structure and function of animal organs and bodies.[49],Physics,Biology,Zoology,–,,,TRUE,,,,,,3,B,
Zoophytology,study of plant-like animals [citation needed],Biology,Botany,Zoology,–,,,TRUE,,,,,,3,B,
Zootaxy,Scientific classification of animals.,Taxonomy,Zoology,Biology,–,,,TRUE,,,,,,3,B,
Zymology,Study of fermentation and its uses,Biochemistry,Biology,Food Science,–,,,TRUE,,,,,,3,B,
Zymurgy,Applied chemistry of fermentation processes,Chemistry,Food Science,Engineering,–,,,TRUE,,,,,,3,B,
Zythology,Study of beer and beer-brewing.,Food Science,Chemistry,Cultural Studies,–,,,TRUE,,,,,,3,B,
Acarology,Study of mites and ticks,Arachnology,Zoology,–,–,,,,TRUE,,,,,4,B,
Aceology,"Systematic study of therapeutic remedies (also called iamatology), covering principles, efficacy and modes of treatment",Medicine,Pharmacology,–,–,,,,TRUE,,,,,4,B,
Acology,"Systematic study of therapeutic remedies (also called iamatology), covering principles, efficacy and modes of treatment", = Aceology,–,–,–,,,,TRUE,,,,,4,B,
Aerodonetics,Science or study of gliding flight.[6],Physics,Aerospace Engineering,–,–,,,,TRUE,,,,,4,B,
Aeronautics,"Science involved with the study, design, and manufacturing of airflight-capable machines",Aerospace Engineering,Physics,–,–,,,,TRUE,,,,,4,B,
Agricultural chemistry,Agricultural sub-discipline of applied chemistry – study of influence in chemical processes in plants.,Chemistry,Biology,Agronomy,–,,,,TRUE,,,,,4,B,
Agroecology,Study of ecological processes in agriculture,Ecology,Agronomy,–,–,,,,TRUE,,,,,4,B,
Agronomics,"Branch of economics about distribution, management, and productivity of land.",Economics,Agronomy,–,–,,,,TRUE,,,,,4,B,
Algedonics,"Psychophysiological study of pleasure and pain, including the neural circuits and subjective experiences that underlie both",Psychology,Neuroscience,–,–,,,,TRUE,,,,,4,B,
Algology (medicine),"In some European medical contexts, “algology” is also used for the subspecialty of pain medicine; to avoid confusion separate this sense or rename “Pain Medicine”", = Pain Medicine,–,–,–,,,,TRUE,,,,,4,B,
Allergology,Study of the causes and treatment of allergies - study of causes and treatment of allergies,Medicine,Immunology,–,–,,,,TRUE,,,,,4,B,
Anaesthesiology,Medical specialty concerned with anesthesia and perioperative care,Medicine,Pharmacology,Physiology,–,,,,TRUE,,,,,4,B,
Andragogy,Methods and principles in adult education,Pedagogy,Psychology,–,–,,,,TRUE,,,,,4,B,
Anemology,Study of winds – study of wind.,Meteorology,Physics,–,–,,,,TRUE,,,,,4,B,
Anthropology,"Scientific study of humans, human behavior, and societies – study of human cultures.",Social Science,Biology,–,–,,,,TRUE,,,,,4,B,
Aquatic ecology,The study of interactions between organisms and the environment in water,Biology,Ecology,Earth Science,–,,,,TRUE,,,,,4,B,
Archology,study of the nature of government – science of the origins of government.,Political Science,History,Sociology,–,,,,TRUE,,,,,4,B,
Areology,"Scientific study of the surface, crust, and interior of the planet Mars",Planetary Science,Geology,Astronomy,–,,,,TRUE,,,,,4,B,
Aromachology,Study of the influence of odors on human behavior,Psychology,Neuroscience,Chemistry,–,,,,TRUE,,,,,4,B,
Astheniology,Physical symptom – study of diseases of weakening and aging.,Medicine,Biology,Gerontology,–,,,,TRUE,,,,,4,B,
Astrobotany,Study of plants grown in spacecraft,Astrobiology,Botany,–,–,,,,TRUE,,,,,4,B,
Astronautics,Theory and practice of navigation beyond the Earth's atmosphere,Aerospace Engineering,Physics,Astronomy,–,,,,TRUE,,,,,4,B,
Autecology,Study of interactions of individual organisms with the environment,Biology,Ecology,–,–,,,,TRUE,,,,,4,B,
Ballistics,Science of the motion of projectiles,Physics,Mechanical Engineering,–,–,,,,TRUE,,,,,4,B,
Balneology,Method of treating diseases by bathing – science of the therapeutic use of baths.,Medicine,Therapy studies,–,–,,,,TRUE,,,,,4,B,
Barodynamics,science of the support and mechanics of heavy structures[12],Mechanical Engineering,Physics,–,–,,,,TRUE,,,,,4,B,
Bathymetry,Study of underwater depth of lake or ocean floors,Oceanography,Earth Science,Geography,–,,,,TRUE,,,,,4,B,
Batrachology,Branch of herpetology that studies amphibians,Herpetology,Biology,–,–,,,,TRUE,,,,,4,B,
Behavioral neuroscience,Study of biological and neural mechanisma in behaviour,Neuroscience,Psychology,–,–,,,,TRUE,,,,,4,B,
Bioecology,Study of interrelations of plants and animals with their environment,Biology,Ecology,–,–,,,,TRUE,,,,,4,B,
Biomechanics,Study of the mechanics of biological systems,Biology,Physics,Mechanical Engineering,–,,,,TRUE,,,,,4,B,
Bionomics (economics),"Less commonly, the application of biological analogies to economic systems—state which sense is intended",Economics,Biology,–,–,,,,TRUE,,,,,4,B,
Biopsychology,Study of biological and neural mechanisma in behaviour – application of the science of biology to the study of psychology.,Psychology,Neuroscience,Biology,–,,,,TRUE,,,,,4,B,
Biotribology,"Study of friction, wear and lubrication in biological systems – study of friction, wear and lubrication of biological systems.",Mechanical Engineering,Biology,Materials Science,–,,,,TRUE,,,,,4,B,
Bryology,Branch of botany concerned with the study of bryophytes – study of mosses and liverworts.,Botany,Biology,Ecology,–,,,,TRUE,,,,,4,B,
Business,"Applied social-science field analysing how organisations create value, manage resources and interact with markets", = Business studies,–,–,–,,,,TRUE,,,,,4,B,
Business studies,"Applied social-science field analysing how organisations create value, manage resources and interact with markets",Economics,Sociology,–,–,,,,TRUE,,,,,4,B,
Caliology,Place where a bird broods its eggs – study of bird's nests.,Ornithology,Zoology,Ecology,–,,,,TRUE,,,,,4,B,
Cambistry,science of international exchange.[15],Economics,–,–,–,,,,TRUE,,,,,4,B,
Campanology,Scientific and musical study of bells,Mechanical Engineering,Acoustics,–,–,,,,TRUE,,,,,4,B,
Cardiology,Branch of medicine dealing with the heart,Medicine,Biology,Physiology,–,,,,TRUE,,,,,4,B,
Catallactics,Theory about the free market system in economies – science of commercial exchange.,Economics,Political Science,–,–,,,,TRUE,,,,,4,B,
Catechectics,art of teaching by question and answer.[citation needed][relevant?],Pedagogy,Theology,–,–,,,,TRUE,,,,,4,B,
Cetology,"The study of whales, dolphins, porpoises, and other cetaceans – study of whales and dolphins.",Zoology,Oceanography,–,–,,,,TRUE,,,,,4,B,
Chiropody,Medicine branch focusing on the human lower extremities,Medicine,Therapy studies,–,–,,,,TRUE,,,,,4,B,
Chorology (biogeography),Study of the spatial distribution patterns of organisms and the environmental factors shaping those patterns – an early synonym of biogeography,Biology,Ecology,–,–,,,,TRUE,,,,,4,B,
Chrematistics,Economics theory studying money – study of wealth; political economy.,Economics,–,–,–,,,,TRUE,,,,,4,B,
Chronobiology,Study of rhythms in biological processes of living organisms – study of biological rhythms.,Biology,Medicine,Neuroscience,–,,,,TRUE,,,,,4,B,
Civics,study of the civil and political rights and obligations of citizens in a society.[1],Political Science,Law,–,–,,,,TRUE,,,,,4,B,1
Clinology,study of aging or individual decline after maturity.[citation needed],Medicine,Gerontology,Biology,–,,,,TRUE,,,,,4,B,
Cognitive science,Interdisciplinary scientific study of cognitive processes,Psychology,Neuroscience,Computer Science,–,,,,TRUE,,,,,4,B,
Coleopterology,Branch of entomology studying beetles,Entomology,Biology,–,–,,,,TRUE,,,,,4,B,
Cometology,study of comets.[16],Astronomy,Planetary Science,–,–,,,,TRUE,,,,,4,B,
Conchology,Study of mollusc shells,Malacology,Zoology,Biology,–,,,,TRUE,,,,,4,B,
Connectomics,Study of mapping wiring diagrams,Neuroscience,Biology,Computer Science,–,,,,TRUE,,,,,4,B,
Contact mechanics,Study of the deformation of solids that touch each other,Physics,Mechanical Engineering,Materials Science,–,,,,TRUE,,,,,4,B,
Ctetology,study of the inheritance of acquired characteristics.[citation needed],Genetics,Evolutionary Biology,–,–,,,,TRUE,,,,,4,B,
Curriculum studies,concentration in the different types of curriculum and instruction concerned with understanding curricula as an active force influenced by human educational experiences.[1],Pedagogy,Sociology,–,–,,,,TRUE,,,,,4,,
Cybernetics,Transdisciplinary field concerned with regulatory and purposive systems,Computer Science,Systems Engineering,Biology,–,,,,TRUE,,,,,4,B,
Cyclonology,"study of tropical cyclones, e.g. hurricanes.[citation needed]",Meteorology,Atmospheric Science,–,–,,,,TRUE,,,,,4,B,
Dactyliology,study of finger rings.[17][relevant?],Archaeology,Gemmology,History,–,,,,TRUE,,,,,4,B,
Dactylography,Scientific study of fingerprints,Forensic Science,Biology,Criminology,–,,,,TRUE,,,,,4,B,
Dactylology,Form of communication using one or both hands – study of sign language.[citation needed],Linguistics,Neuroscience,–,–,,,,TRUE,,,,,4,B,
Demography,"Science that deals with populations and their structures, statistically and theoretically",Statistics,Sociology,Economics,–,,,,TRUE,,,,,4,B,
Dendrochronology,Method of dating based on the analysis of patterns of tree rings,Botany,Earth Science,Archaeology,–,,,,TRUE,,,,,4,B,
Dendrology,Science and study of woody plants,Botany,Ecology,–,–,,,,TRUE,,,,,4,B,
Dermatoglyphics,Scientific study of finger- and toeprints,Anatomy,Medicine,–,–,,,,TRUE,,,,,4,B,
Dermatology,"Field of medicine dealing with the hair, nails, skin, and its diseases",Medicine,Biology,Immunology,–,,,,TRUE,,,,,4,B,
Desmology,Study of ligaments,Medicine,Anatomy,Physiology,–,,,,TRUE,,,,,4,B,
Didactic method,"theory of teaching, and in a wider sense, a theory and practical application of teaching and learning. In demarcation from ""mathetics"" (the science of learning), didactics refers only to the science of teaching.",Pedagogy,–,–,–,,,,TRUE,,,,,4,,
Dietetics,Study of diet and nutrition in relation to health and disease,Nutritional Science,Medicine,Biology,–,,,,TRUE,,,,,4,B,
Diplomatics,Academic study of the protocols of documents – science of deciphering ancient writings and texts.[citation needed],History,Palaeography,Archival Science,–,,,,TRUE,,,,,4,B,
Dosiology,study of dosage of drugs.[19],Pharmacology,Medicine,Chemistry,–,,,,TRUE,,,,,4,B,
Eccrinology,Sweat gland distributed almost all over the human body – study of excretion.,Medicine,Physiology,Biology,–,,,,TRUE,,,,,4,B,
Ekistics,Science of human settlements,Urban Planning,Geography,Sociology,–,,,,TRUE,,,,,4,B,
Electrodynamics,"Fundamental interaction between charged particles – study of the effects arising from the interactions of electric currents with magnets, with other currents, or with themselves.",Physics,Mathematics,Electrical Engineering,–,,,,TRUE,,,,,4,B,
Electrohydrodynamics,Study of electrically conducting fluids in the presence of electric fields – the study of dynamics of electrically charged fluids.,Physics,Fluid Mechanics,Electrical Engineering,–,,,,TRUE,,,,,4,B,
Electromagnetism,Fundamental interaction between charged particles – study of electromagnetic force.,Physics,Mathematics,Electrical Engineering,–,,,,TRUE,,,,,4,B,
Electrostatics,Study of stationary or slow-moving electric charges – study of static electricity.,Electrical Engineering,Mathematics,Physics,–,,,,TRUE,,,,,4,B,
Emmenology,study of menstruation.[21],Medicine,Biology,Gynaecology,–,,,,TRUE,,,,,4,B,
Endemiology,study of local diseases.[citation needed],Epidemiology,–,–,–,,,,TRUE,,,,,4,B,
Entozoology,study of parasites that live inside larger organisms.[22],Biology,Parasitology,Medicine,–,,,,TRUE,,,,,4,B,
Environmental science,"study of the environment, and the solution of environmental problems.",biology,meteorology,mathematics,geography,,,,TRUE,,,,,4,B,1
Ephebiatrics,Medical subspecialty for adolescents – branch of medicine dealing with adolescence.,Medicine,Pediatrics,–,–,,,,TRUE,,,,,4,B,
Eremology,study of deserts.[23],Geography,Earth Science,Ecology,–,,,,TRUE,,,,,4,B,
Escapology,Practice of escaping from restraints – study of freeing oneself from constraints.[relevant?],Performing Arts,Mechanical Engineering,Physics,–,,,,TRUE,,,,,4,B,
Ethonomics,"Personal value, basis for ethical action – study of economic and ethical principles of a society.",Economics,Ethics,Sociology,–,,,,TRUE,,,,,4,B,
Etiology,"Study of causation, or origination",Medicine,Biology,Epidemiology,–,,,,TRUE,,,,,4,B,
Euthenics,Study of improving living conditions to increase well-being – science concerned with improving living conditions.,Public Health,Sociology,–,–,,,,TRUE,,,,,4,B,
Exoplanetology,study of exoplanets.,Astronomy,Planetary Science,Physics,–,,,,TRUE,,,,,4,B,
Felinology,Study of cats – study of felines.,Biology,Zoology,Veterinary Medicine,–,,,,TRUE,,,,,4,B,
Fluviology,study of watercourses.[25],Hydrology,Geography,Earth Science,–,,,,TRUE,,,,,4,B,
Forestry,"Science and craft of managing woodlands – study of the creation, management, use, conservation, and repair of forests and associated resources.",Botany,Ecology,–,–,,,,TRUE,,,,,4,B,
Fracture mechanics,Study of propagation of cracks in materials,Materials Science,Mechanical Engineering,Physics,–,,,,TRUE,,,,,4,B,
Gastroenterology,Branch of medicine focused on the digestive system and its disorders,Medicine,Biology,Physiology,–,,,,TRUE,,,,,4,B,
Gerocomy,study of old age[citation needed],Gerontology,–,–,–,,,,TRUE,,,,,4,B,
Glaciology,Scientific study of ice and natural phenomena involving ice,Earth Science,Climatology,–,–,,,,TRUE,,,,,4,B,
Gnomonics,science that studies sundials – the art of measuring time using sundials,Astronomy,Mathematics,History of Science,–,,,,TRUE,,,,,4,B,
Graphemics,Study of graphemes and writing systems – study of systems of representing speech in writing,Linguistics,Communication Studies,–,–,,,,TRUE,,,,,4,B,
Gromatics,Ancient Roman land surveyors – science of surveying,Geomatics,Civil Engineering,–,–,,,,TRUE,,,,,4,B,
Gyrostatics,study of rotating bodies[citation needed],Physics,Mechanical Engineering,–,–,,,,TRUE,,,,,4,B,
Haemataulics,study of movement of blood through blood vessels[citation needed],Medicine,Physiology,Biology,–,,,,TRUE,,,,,4,B,
Halieutics,study of fishing[26],Biology,Zoology,Ecology,–,,,,TRUE,,,,,4,B,
Helminthology,Study of parasitic worms (helminths),Biology,Parasitology,Zoology,–,,,,TRUE,,,,,4,B,
Hematology,Study of blood and blood diseases,Medicine,Biology,Physiology,–,,,,TRUE,,,,,4,B,
Hemodynamics,Dynamics of blood flow – study of the dynamics behind blood circulation,Medicine,Physiology,Physics,–,,,,TRUE,,,,,4,B,
Hermeology,study of Mercury,Astronomy,Planetary Science,–,–,,,,TRUE,,,,,4,B,
Hippiatrics,study of diseases of horses[citation needed],Veterinary Medicine,Biology,–,–,,,,TRUE,,,,,4,B,
Histology,Study of the microscopic anatomy of cells and tissues of plants and animals,Biology,Anatomy,–,–,,,,TRUE,,,,,4,B,
Home economics,Study of household management,Economics,Sociology,–,–,,,,TRUE,,,,,4,B,
Horticulture,Small-scale cultivation of plants – study of gardening [citation needed],Botany,Agriculture,–,–,,,,TRUE,,,,,4,B,
Hydraulics,"Applied engineering involving liquids – study of application of engineering, chemistry and other fields of science involving the use of liquids [citation needed]",Physics,Engineering,Fluid Mechanics,–,,,,TRUE,,,,,4,B,
Hydrobiology,Science of life and life processes in water – study of aquatic organisms,Biology,Ecology,–,–,,,,TRUE,,,,,4,B,
Hydrodynamics,Study of liquids in motion,Physics,Fluid Mechanics,–,–,,,,TRUE,,,,,4,B,
Hydrogeology,Study of the distribution and movement of groundwater,Geology,Earth Science,Hydrology,–,,,,TRUE,,,,,4,B,
Hydrography,Measurement of bodies of water,Geography,Oceanography,–,–,,,,TRUE,,,,,4,B,
Hydrokinetics,study of motion of fluids,Physics,Fluid Mechanics,–,–,,,,TRUE,,,,,4,B,
Hydrometeorology,Branch of meteorology and hydrology – study of atmospheric moisture [citation needed],Meteorology,Hydrology,–,–,,,,TRUE,,,,,4,B,
Hydrostatics,Branch of fluid mechanics that studies fluids at rest,Physics,Fluid Mechanics,–,–,,,,TRUE,,,,,4,B,
Hyetology,science of rainfall[citation needed],Meteorology,Atmospheric Science,–,–,,,,TRUE,,,,,4,B,
Hygiastics,science of health and hygiene [citation needed], = Hygienics,–,–,–,,,,TRUE,,,,,4,B,
Hygienics,Practices performed to preserve health – study of sanitation; health [citation needed],Public Health,Medicine,–,–,,,,TRUE,,,,,4,B,
Hygiology,hygienics; study of cleanliness [citation needed], = Hygienics,–,–,–,,,,TRUE,,,,,4,B,
Hypnology,Study of sleep and hypnotic phenomena – study of sleep; study of hypnosis.[28],Neuroscience,Psychology,Medicine,–,,,,TRUE,,,,,4,B,
Hypsography,Measurement of the elevation and depth of features on Earth's surface relative to mean sea level. – science of measuring heights[citation needed],Geography,Earth Science,Geodesy,–,,,,TRUE,,,,,4,B,
Iamatology,"Obsolete synonym of the Systematic study of therapeutic remedies (called Aceology), covering principles, efficacy and modes of treatment", = Aceology,–,–,–,,,,TRUE,,,,,4,B,
Ichnography,Architectural diagram showing interior layout of a building – art of drawing ground plans; a ground plan,Architecture,Civil Engineering,–,–,,,,TRUE,,,,,4,B,
Ichnology,Study of trace fossils,Palaeontology,Geology,Biology,–,,,,TRUE,,,,,4,B,
Ideology,Set of beliefs or values – science of ideas; system of ideas used to justify behaviour [citation needed],Political Science,Sociology,–,–,,,,TRUE,,,,,4,B,
Immunochemistry,Study of the chemistry of the immune system.,Biochemistry,Immunology,–,–,,,,TRUE,,,,,4,B,
Immunogenetics,Branch of medical genetics that studies genetic interactions related to the immune system – study of genetic characteristics of immunity,Genetics,Immunology,–,–,,,,TRUE,,,,,4,B,
Immunopathology,Branch of medicine that deals with immune responses associated with disease,Medicine,Immunology,Pathology,–,,,,TRUE,,,,,4,B,
International relations,"Social-science field analysing political, economic and legal interactions among states and other actors",Political science,History,–,–,,,,TRUE,,,,,4,B,
Karstology,Scientific study of the various aspects of karst regions,Geology,Hydrology,Geography,–,,,,TRUE,,,,,4,B,
Karyology,Photographic display of total chromosome complement in a cell – study of cell nuclei,Cytology,Biology,–,–,,,,TRUE,,,,,4,B,
Kymatology,"Branch of physics concerned with the mechanics of fluids (liquids, gases, and plasmas) – study of wave motion",Physics,Fluid Mechanics,Mathematics,–,,,,TRUE,,,,,4,B,
Laryngology,Medical specialty that deals with the larynx,Medicine,Anatomy,Physiology,–,,,,TRUE,,,,,4,B,
Lepidopterology,Branch of entomology that studies moths and butterflies,Entomology,Biology,–,–,,,,TRUE,,,,,4,B,
Leprology,The study of leprosy and its treatment,Medicine,Microbiology,Immunology,–,,,,TRUE,,,,,4,B,
Lichenology,Branch of mycology that studies lichens,Mycology,Botany,Biology,–,,,,TRUE,,,,,4,B,
Limnology,Science of inland aquatic ecosystems,Hydrology,Ecology,–,–,,,,TRUE,,,,,4,B,
Loimology,study of plagues and epidemics [citation needed],Epidemiology,–,–,–,,,,TRUE,,,,,4,B,
Macroeconomics,"Study of an economy as a whole – branch of economics dealing with the performance, structure, behavior, and decision-making of the whole economy[citation needed][relevant?]",Economics,Mathematics,Statistics,–,,,,TRUE,,,,,4,B,
Malariology,"Study of the mosquito borne disease, malaria",Medicine,Microbiology,Parasitology,–,,,,TRUE,,,,,4,B,
Marine biology,Scientific study of organisms that live in the ocean – study of the ocean's ecosystem,Zoology,Oceanography,–,–,,,,TRUE,,,,,4,B,
Meconology,study of or treatise concerning opium [citation needed][relevant?],Pharmacology,Medicine,Chemistry,–,,,,TRUE,,,,,4,B,
Media studies,Field of study that deals with media[relevant?],Communication Studies,Sociology,Cultural Studies,–,,,,TRUE,,,,,4,B,
Melittology,Scientific study of bees,Entomology,–,–,–,,,,TRUE,,,,,4,B,
Metallography,Study of metals using microscopy – study of the structure and constitution of metals,Materials Science,Metallurgy,Chemistry,–,,,,TRUE,,,,,4,B,
Metapolitics,Political discourse about politics itself – study of politics in theory or abstract,Political Science,Philosophy,–,–,,,,TRUE,,,,,4,B,
Methyology,study of alcohol [citation needed],Chemistry,Pharmacology,Medicine,–,,,,TRUE,,,,,4,B,
Microanatomy,Study of the microscopic anatomy of cells and tissues, = Histology,–,–,–,,,,TRUE,,,,,4,B,
Microbial ecology,Study of the relationship of microorganisms with their environment,Microbiology,Ecology,Biology,–,,,,TRUE,,,,,4,B,
Microclimatology,Local set of atmospheric conditions that differ significantly from the surrounding area – study of local climates [citation needed],Meteorology,Geography,Physics,–,,,,TRUE,,,,,4,B,
Microeconomics,Behavior of individuals and firms – branch of economics that studies the behavior of individual households and firms in making decisions on the allocation of limited resources [citation needed][relevant?],Economics,Mathematics,Statistics,–,,,,TRUE,,,,,4,B,
Micrology,study or discussion of trivialities [citation needed][relevant?],Linguistics,Communication Studies,–,–,,,,TRUE,,,,,4,B,
Micropalaeontology,Branch of paleontology that studies microfossils,Palaeontology,Geology,Biology,–,,,,TRUE,,,,,4,B,
Military science,"Systematic study of military organisation, strategy, tactics and logistics",Political Science,History,–,–,,,,TRUE,,,,,4,B,
Molinology,Study of devices which use energy for mechanical purposes,Mechanical Engineering,History of Technology,–,–,,,,TRUE,,,,,4,T,
Myology,Study of the muscular system – study of muscles,Anatomy,Physiology,Biology,–,,,,TRUE,,,,,4,B,
Myrmecology,Study of ants,Biology,Entomology,Ecology,–,,,,TRUE,,,,,4,B,
Naology,study of church or temple architecture [citation needed],Architecture,Theology,–,–,,,,TRUE,,,,,4,B,
Necroplanetology,Study of the process of planetary destruction – study of the destruction of planets[30],Astronomy,Planetary Science,Astrophysics,–,,,,TRUE,,,,,4,B,
Neonatology,"Medical care of newborns, especially the ill or premature",Medicine,Pediatrics,Biology,–,,,,TRUE,,,,,4,B,
Neossology,study of nestling birds [citation needed],Ornithology,Zoology,Ecology,–,,,,TRUE,,,,,4,B,
Nephology,Scientific study of clouds,Meteorology,Atmospheric Science,Physics,–,,,,TRUE,,,,,4,B,
Nephrology,Medical study concerned with the kidneys,Medicine,Biology,Physiology,–,,,,TRUE,,,,,4,B,
Neurobiology,Scientific study of the nervous system,Biology,Neuroscience,–,–,,,,TRUE,,,,,4,B,
Neuroeconomics,Interdisciplinary field – study of human decision making and the ability to process multiple alternatives and to choose an optimal course of action,Neuroscience,Psychology,Economics,–,,,,TRUE,,,,,4,B,
Neurology,Medical specialty dealing with disorders of the nervous system,Medicine,Neuroscience,Biology,–,,,,TRUE,,,,,4,B,
Neuropsychology,Study of the brain related to specific psychological processes and behaviors,Psychology,Neuroscience,–,–,,,,TRUE,,,,,4,B,
Neurypnology,study of hypnotism [citation needed],Psychology,Neuroscience,Medicine,–,,,,TRUE,,,,,4,B,
Nomology,Science of laws in philosophy,Law,Political Science,–,–,,,,TRUE,,,,,4,B,
Nostology,study of senility [citation needed],Gerontology,Medicine,–,–,,,,TRUE,,,,,4,B,
Notaphily,Study of paper currency – study and collecting of bank-notes and cheques [relevant?],Economics,History,–,–,,,,TRUE,,,,,4,B,
Numismatics,"Study of currencies, coins and paper money",History,Economics,–,–,,,,TRUE,,,,,4,B,
Nymphology,study of nymphs[citation needed],Zoology,Entomology,–,–,,,,TRUE,,,,,4,B,
Occupational health,Field dedicated to protecting and promoting health and safety in the workplace,Medicine,Public Health,–,–,,,,TRUE,,,,,4,B,
Occupational health and safety,Field dedicated to protecting and promoting health and safety in the workplace, = Occupational health,–,–,–,,,,TRUE,,,,,4,B,
Occupational safety and health,Field dedicated to protecting and promoting health and safety in the workplace, = Occupational health,–,–,–,,,,TRUE,,,,,4,B,
Odonatology,Study of dragonflies and damselflies,Entomology,Biology,Ecology,–,,,,TRUE,,,,,4,B,
Odontology,Scientific study of teeth,Biology,Medicine,Anatomy,–,,,,TRUE,,,,,4,B,
Olfactology,study of the sense of smell[31],Neuroscience,Biology,Psychology,–,,,,TRUE,,,,,4,B,
Ombrology,study of rain[32],Meteorology,Atmospheric Science,–,–,,,,TRUE,,,,,4,B,
Oneirology,Scientific study of dreams,Neuroscience,Psychology,–,–,,,,TRUE,,,,,4,B,
Oology,"Branch of ornithology studying bird eggs, nests and breeding behavior",Ornithology,Zoology,–,–,,,,TRUE,,,,,4,B,
Ophidiology,Branch of herpetology that studies snakes, = Ophiology,–,–,–,,,,TRUE,,,,,4,B,
Ophiology,Branch of herpetology that studies snakes,Herpetology,Zoology,–,–,,,,TRUE,,,,,4,B,
Organology (anatomical),"Biological subfield examining the form, development and function of animal and plant organs", = Organology (biology),–,–,–,,,,TRUE,,,,,4,B,
Organology (biology),"Collection of tissues with similar functions (biology) – study of form, structure, development, and functions of plant or animal organs",Biology,Anatomy,–,–,,,,TRUE,,,,,4,B,
Orthopterology,Study of grasshoppers and related insects,Entomology,Zoology,–,–,,,,TRUE,,,,,4,B,
Oryctology,mineralogy or paleontology[33],Geology,Palaeontology,–,–,,,,TRUE,,,,,4,B,
Osmics,scientific study of smells[34],Chemistry,Neuroscience,–,–,,,,TRUE,,,,,4,B,
Osmology,study of smells and olfactory processes [citation needed], = Osmics,–,–,–,,,,TRUE,,,,,4,B,
Osphresiology,study of the sense of smell[35], = Olfactology,–,–,–,,,,TRUE,,,,,4,B,
Osteology,Scientific study of bones,Biology,Anatomy,–,–,,,,TRUE,,,,,4,B,
Otorhinolaryngology,Medical specialty of the head and neck,Medicine,Surgery,–,–,,,,TRUE,,,,,4,B,
Paedology,Study of children's behavior and development,Psychology,Pedagogy,–,–,,,,TRUE,,,,,4,B,
Pain Medicine,"aspect of medicine and health care involving relief of pain (pain relief, analgesia, pain control) in various dimensions, from acute and simple to chronic and challenging",Neuroscience,Physiology,–,–,,,,TRUE,,,,,4,B,
Palaeobiology,Study of organic evolution using fossils,Biology,Palaeontology,Geology,–,,,,TRUE,,,,,4,B,
Palaeoclimatology,Study of changes in ancient climate,Climatology,Geology,Earth Science,–,,,,TRUE,,,,,4,B,
Palaeoichthyology,study of ancient fish,Ichthyology,Palaeontology,Geology,–,,,,TRUE,,,,,4,B,
Palaeopedology,Discipline studying soils of the past eras,Pedology,Geology,–,–,,,,TRUE,,,,,4,B,
Paleobotany,Study of organic evolution of plants based on fossils,Botany,Palaeontology,Geology,–,,,,TRUE,,,,,4,B,
Paleoseismology,Study of earthquakes that happened in the past,Seismology,Geology,–,–,,,,TRUE,,,,,4,B,
Papyrology,Scientific study of ancient manuscripts,History,Archaeology,Linguistics,–,,,,TRUE,,,,,4,B,
Parapsychology,Study of paranormal and psychic phenomena [relevant?],Psychology,Neuroscience,–,–,,,,TRUE,,,,,4,B,
Pedagogics,Theory and practice of education [relevant?],Pedagogy,Psychology,–,–,,,,TRUE,,,,,4,B,
Penology,Subfield of criminology – study of crime and punishment [citation needed],Criminology,Law,Sociology,–,,,,TRUE,,,,,4,B,
Periodontics,Field of dentistry,Medicine,Dentistry,–,–,,,,TRUE,,,,,4,B,
Periodontology,Field of dentistry, = Periodontics,–,–,–,,,,TRUE,,,,,4,B,
Pestology,Scientific study of insects – science of pests [citation needed],Entomology,–,–,–,,,,TRUE,,,,,4,B,
Pharmacognosy,Study of drugs obtained from natural sources,Botany,Pharmacology,Chemistry,–,,,,TRUE,,,,,4,B,
Pharyngology,study of the throat[37],Medicine,Anatomy,–,–,,,,TRUE,,,,,4,B,
Phenology,Study of periodic events in biological life cycles,Ecology,Biology,Climatology,–,,,,TRUE,,,,,4,B,
Phonetics,Study of how humans produce and perceive sounds,Linguistics,Physiology,Acoustics,–,,,,TRUE,,,,,4,B,
Phylogenetics,Study of evolutionary relationships between organisms,Biology,Genetics,Evolutionary Biology,–,,,,TRUE,,,,,4,B,
Phylogeny,Study of evolutionary relationships between organisms, = Phylogenetics,–,–,–,,,,TRUE,,,,,4,B,
Plumology,Study of feathers,Ornithology,Zoology,–,–,,,,TRUE,,,,,4,B,
Plutology,political economy; study of wealth [citation needed],Economics,Political Science,–,–,,,,TRUE,,,,,4,B,
Podiatry,Medicine branch focusing on the human lower extremities, = Podology,–,–,–,,,,TRUE,,,,,4,B,
Podology,Medicine branch focusing on the human lower extremities,Medicine,Biology,Anatomy,–,,,,TRUE,,,,,4,B,
Pogonology,Hair that grows on the lower part of the face – study of beards[citation needed],Anatomy,Biology,–,–,,,,TRUE,,,,,4,B,
Pomology,Study of fruits and their cultivation,Botany,Agriculture,–,–,,,,TRUE,,,,,4,B,
Posology,Study of dosage of medicines,Pharmacology,Medicine,–,–,,,,TRUE,,,,,4,B,
Potamology,Study of rivers,Hydrology,Geography,–,–,,,,TRUE,,,,,4,B,
Praxeology,Theory of human action,Economics,Philosophy,–,–,,,,TRUE,,,,,4,B,
Preventive Medicine,"Study of disease prevention (handled as synonym for ""study of healthy living"")", = Valeology,–,–,–,,,,TRUE,,,,,4,B,
Proctology,"Study of the structure and diseases of the anus, rectum, and sigmoid colon",Medicine,Biology,Anatomy,–,,,,TRUE,,,,,4,B,
Psephology,Quantitative scientific analysis of elections and balloting (within political science) – study of election results and voting trends,Political Science,Statistics,–,–,,,,TRUE,,,,,4,B,
Psychobiology,Neuroscience of behaviour,Psychology,Biology,Neuroscience,–,,,,TRUE,,,,,4,B,
Psycholinguistics,Study of relations between psychology and language,Linguistics,Psychology,Neuroscience,–,,,,TRUE,,,,,4,B,
Psychopathology,Scientific study of mental disorders,Psychology,Medicine,Neuroscience,–,,,,TRUE,,,,,4,B,
Psychophysics,Branch of knowledge relating physical stimuli and psychological perception,Psychology,Physics,Neuroscience,–,,,,TRUE,,,,,4,B,
Pterylology,study of distribution of feathers on birds,Ornithology,Zoology,–,–,,,,TRUE,,,,,4,B,
Pyretology,study of fevers,Medicine,Pathology,–,–,,,,TRUE,,,,,4,B,
Pyrgology,study of towers,Architecture,Engineering,–,–,,,,TRUE,,,,,4,B,
Queer theory,Field of critical theory – study of issues related to sexual orientation and gender identity[citation needed][relevant?],Sociology,Gender Studies,Cultural Studies,–,,,,TRUE,,,,,4,B,
Quinology,study of quinine.[citation needed],Pharmacology,Botany,Chemistry,–,,,,TRUE,,,,,4,B,
Radiology,Medical specialty for imaging procedures,Medicine,Medical Imaging,–,–,,,,TRUE,,,,,4,B,
Rheology,"Study of the flow of matter, primarily in a fluid state",Physics,Materials Science,Mechanical Engineering,–,,,,TRUE,,,,,4,B,
Rheumatology,Medical speciality of inflammatory diseases,Medicine,Immunology,Biology,–,,,,TRUE,,,,,4,B,
Rhinology,Study of the nose and sinuses,Medicine,Anatomy,Physiology,–,,,,TRUE,,,,,4,B,
Robotics,"Design, construction, use, and application of robots",Engineering,Computer Science,Mechanical Engineering,–,,,,TRUE,,,,,4,B,
Runology,Study of Runic alphabets,History,Linguistics,Archaeology,–,,,,TRUE,,,,,4,B,
Sarcology,study of fleshy parts of the body [citation needed],Anatomy,Biology,–,–,,,,TRUE,,,,,4,B,
Scripophily,Study and collection of stock and bond certificates[relevant?],History,Economics,–,–,,,,TRUE,,,,,4,B,
Selenodesy,Study of the surface and shape of the Moon,Astronomy,Geodesy,Planetary Science,–,,,,TRUE,,,,,4,B,
Selenology,Structure and composition of the Moon – study of the Moon [citation needed],Astronomy,Planetary Science,–,–,,,,TRUE,,,,,4,B,
Semiology,Study of signs and sign processes – study of signs and signals [citation needed], = Semiotics,–,–,–,,,,TRUE,,,,,4,B,
Semiotics,Study of signs and sign processes,Linguistics,Philosophy,Communication Studies,–,,,,TRUE,,,,,4,B,
Serology,Scientific study of serum and other bodily fluids,Medicine,Immunology,Biology,–,,,,TRUE,,,,,4,B,
Siderology,"study of iron and its alloys, including steel  [citation needed]",Metallurgy,Chemistry,Materials Science,–,,,,TRUE,,,,,4,B,
Sign-Language Studies,Form of communication using one or both hands – study of sign language.[citation needed], = Dactylology,–,–,–,,,,TRUE,,,,,4,B,
Sindonology,Scientific analysis of the Shroud.of Turin,Archaeology,Chemistry,Forensic Science,–,,,,TRUE,,,,,4,B,
Sitology,Expert in nutrition and malnutrition – dietetics [citation needed],Nutritional Science,Medicine,Biology,–,,,,TRUE,,,,,4,B,
Snow hydrology,Field of snow science concerning its composition and dispersion,Hydrology,Meteorology,–,–,,,,TRUE,,,,,4,B,
Socioeconomics,Branch of sociology – study of the relationship between economy and society [citation needed],Sociology,Economics,–,–,,,,TRUE,,,,,4,B,
Sphagnology,study of peat moss[citation needed],Botany,Ecology,–,–,,,,TRUE,,,,,4,B,
Sphygmology,Study of the pulse,Medicine,Physiology,–,–,,,,TRUE,,,,,4,B,
Splanchnology,Study of the visceral organs,Anatomy,Medicine,–,–,,,,TRUE,,,,,4,B,
Stasiology,study of political parties [citation needed],Political Science,Sociology,–,–,,,,TRUE,,,,,4,B,
Stomatology,Study of oral medicine – study of the mouth[citation needed],Dentistry,Medicine,–,–,,,,TRUE,,,,,4,B,
Suicidology,Scientific study of suicide and self-destructive behaviors,Psychology,Public Health,–,–,,,,TRUE,,,,,4,B,
Symptomatology,"Indications of a specific illness, including psychiatric – study of symptoms of illness",Medicine,Pathology,–,–,,,,TRUE,,,,,4,B,
Synecology,Associated populations of species in a given area – study of ecological communities,Ecology,Biology,–,–,,,,TRUE,,,,,4,B,
Syphilology,Sexually transmitted infection – study of syphilis,Medicine,Pathology,Microbiology,–,,,,TRUE,,,,,4,B,
Systematics,"Branch of biology – study of the diversification of living forms, both past and present",Taxonomy,Evolutionary biology,–,–,,,,TRUE,,,,,4,B,
Taxidermy,Stuffing and mounting dead animals for display – art of curing and stuffing animals [relevant?],Zoology,Anatomy,–,–,,,,TRUE,,,,,4,B,
Telmatology,Branch of physical geography concerned with the study of wetlands,Ecology,Hydrology,–,–,,,,TRUE,,,,,4,B,
Tempestology,"The study of cyclones, hurricanes and similar extreme weather events",Meteorology,Atmospheric Science,Physics,–,,,,TRUE,,,,,4,B,
Thalassography,science of the seas and gulfs [41],Oceanography,Geography,–,–,,,,TRUE,,,,,4,B,
Theriogenology,Veterinary specialty concerning reproduction,Veterinary Medicine,Biology,–,–,,,,TRUE,,,,,4,B,
Thremmatology,science of breeding domestic animals and plants[42],Genetics,Agriculture,–,–,,,,TRUE,,,,,4,B,
Threpsology,science of nutrition [citation needed],Nutritional Science,Medicine,Biology,–,,,,TRUE,,,,,4,B,
Tidology,study of tides,Oceanography,Geophysics,–,–,,,,TRUE,,,,,4,B,
Traumatology,Medicine branch – study of wounds and their effects [citation needed],Medicine,Surgery,–,–,,,,TRUE,,,,,4,B,
Tribology,Science of rubbing surfaces,Materials Science,Mechanical Engineering,Physics,–,,,,TRUE,,,,,4,B,
Turbology,study of tornadoes [citation needed],Meteorology,Atmospheric Science,–,–,,,,TRUE,,,,,4,B,
Typhlology,study of blindness and the blind [43],Medicine,Ophthalmology,–,–,,,,TRUE,,,,,4,B,
Uranography,Part of astronomy concerned with mapping of stars,Astronomy,Cartography,–,–,,,,TRUE,,,,,4,B,
Urbanology,Study dealing with specialized problems of cities,Urban Planning,Geography,Sociology,–,,,,TRUE,,,,,4,B,
Urenology,study of rust molds[citation needed],Mycology,Botany,–,–,,,,TRUE,,,,,4,B,
Urology,Medical specialty on the urinary and reproductive systems,Medicine,Biology,Anatomy,–,,,,TRUE,,,,,4,B,
Vaccinology,Science of vaccine development and production,Immunology,Medicine,–,–,,,,TRUE,,,,,4,B,
Valeology,study of healthy living[44],Public Health,–,–,–,,,,TRUE,,,,,4,B,
Venereology,Branch of medicine dealing with the study and treatment of sexually transmitted diseases,Medicine,Microbiology,Immunology,–,,,,TRUE,,,,,4,B,
Venology,The study of veins.[45],Medicine,Anatomy,–,–,,,,TRUE,,,,,4,B,
Vexillography,Art and practice of designing flags – the art and practice of designing flags,Heraldry,–,–,–,,,,TRUE,,,,,4,B,
Vexillology,Study of flags,History,Political Science,Cultural Studies,–,,,,TRUE,,,,,4,B,
Victimology,Study of victimization,Criminology,Psychology,Sociology,–,,,,TRUE,,,,,4,B,
Vinology,scientific study of vines and winemaking [46],Agriculture,Food Science,–,–,,,,TRUE,,,,,4,B,
Vitaminology,The study of vitamins.[47],Nutritional Science,Biochemistry,Medicine,–,,,,TRUE,,,,,4,B,
Xenobiology,Science of synthetic life forms – study of biological systems which do not exist in nature[citation needed],Synthetic Biology,Biochemistry,–,–,,,,TRUE,,,,,4,B,
Xylography,Broad term for woodblock printing techniques,Printmaking,Art History,–,–,,,,TRUE,,,,,4,B,
Youth Studies,"Interdisciplinary academic field – the study of the development, history, culture, psychology, and politics of youth",Sociology,Pedagogy,Psychology,–,,,,TRUE,,,,,4,B,
Zenography,The study of the planet Jupiter,Astronomy,Planetary Science,–,–,,,,TRUE,,,,,4,B,
Zooarchaeology,Analysis of animal remains found in archaeological sites,Archaeology,Zoology,Biology,–,,,,TRUE,,,,,4,B,
Zoogeology,study of fossil animal remains [citation needed],Palaeontology,Geology,Zoology,–,,,,TRUE,,,,,4,B,
Zoonomy,study of animal physiology[citation needed],Physiology,Biology,Zoology,–,,,,TRUE,,,,,4,B,
Zoonosology,study of animal diseases [citation needed],Veterinary Medicine,Microbiology,Medicine,–,,,,TRUE,,,,,4,B,
Zoopathology,Study and diagnosis of disease in animals,Veterinary Medicine,Pathology,Biology,–,,,,TRUE,,,,,4,B,
Zoophysiology,study of physiology of animals [citation needed],Physiology,Biology,Zoology,–,,,,TRUE,,,,,4,B,
Zootechnics,Science of managing domestic or captive animals,Agriculture,Zoology,–,–,,,,TRUE,,,,,4,B,
Zygology,science of joining and fastening [50],Mechanical Engineering,–,–,–,,,,TRUE,,,,,4,B,
Agriology,Obsolete anthropological term once used for the comparative study of traditional (so-called “primitive”) cultures; nowadays subsumed under ethnology, = Ethnology,–,–,–,,,,,TRUE,,,,5,B,
Anthropobiology,Biological study of the human species – study of human biology.,Biology,Anthropology,–,–,,,,,TRUE,,,,5,B,
Anthrozoology,Subset of ethnobiology – study of human-animal interaction.,Biology,Anthropology,–,–,,,,,TRUE,,,,5,B,
Castrametation,Roman term for a fortified military base – art of designing a camp.[citation needed],Military Science,Civil Engineering,–,–,,,,,TRUE,,,,5,B,
Cosmetology,Study and application of beauty treatment – study of cosmetics.[relevant?],Chemistry,Dermatology,Biology,–,,,,,TRUE,,,,5,B,
Craniology,Pseudoscientific study of human characteristics according to shape of the skull – study of the skull.,Anthropology,Anatomy,–,–,,,,,TRUE,,,,5,B,
Dance research,"Academic investigation of dance as art, cultural practice and embodied knowledge",Performing Arts,Anthropology,–,–,,,,,TRUE,,,,5,P,
Dance Studies,"Academic investigation of dance as art, cultural practice and embodied knowledge", = Dance research,–,–,–,,,,,TRUE,,,,5,P,
Demology,study of human populations and behaviour.[18],Anthropology,Sociology,Psychology,–,,,,,TRUE,,,,5,B,
Egyptology,Scientific study of ancient Egypt – study of ancient Egypt.,Archaeology,History,Anthropology,–,,,,,TRUE,,,,5,B,
Eidology,study of mental imagery.[20],Cognitive Science,Neuroscience,–,–,,,,,TRUE,,,,5,B,
Electrology,Method of hair removal – study of electricity.[citation needed][relevant?],Physics,Electrical Engineering,Dermatology,–,,,,,TRUE,,,,5,B,
Emetology,"Involuntary, forceful expulsion of stomach contents, typically via the mouth – study of vomiting.[citation needed]",Medicine,Gastroenterology,Physiology,–,,,,,TRUE,,,,5,B,
Epileptology,Physician specializing in epileptology – study of epilepsy.,Neurology,Medicine,Neuroscience,–,,,,,TRUE,,,,5,B,
Ergology,study of effects of work on humans.[citation needed],Occupational Health,Psychology,–,–,,,,,TRUE,,,,5,B,
Ergonomics,Designing systems to suit their users – study of people at work.,Engineering,Psychology,Occupational Health,–,,,,,TRUE,,,,5,B,
Ethnobiology,Study of how living things are used by human cultures – study of dynamic relationships between peoples.,Biology,Anthropology,–,–,,,,,TRUE,,,,5,B,
Ethnobotany,Study of traditional plant use – study of a region's plants and their practical uses through the traditional knowledge of a local culture and people.,Botany,Anthropology,Ecology,–,,,,,TRUE,,,,5,B,
Ethnochoreology,Field of dance study – study of dances and its implication in culture.[relevant?],Performing arts,Anthropology,–,–,,,,,TRUE,,,,5,B,
Ethnogeny,study of origins of races or ethnic groups.[24],Genetics,Anthropology,History,–,,,,,TRUE,,,,5,B,
Ethnology,Branch of anthropology – study of cultures.,Anthropology,Sociology,History,–,,,,,TRUE,,,,5,B,
Ethnomethodology,Study of how social order is produced – study of everyday communication and social interaction.,Sociology,Linguistics,Anthropology,–,,,,,TRUE,,,,5,B,
Ethnomusicology,Study of the cultural aspects of music – study of comparative musical systems.[relevant?],Musicology,Anthropology,Cultural Studies,–,,,,,TRUE,,,,5,B,
Finance,Academic discipline studying businesses and investments – science or study of money management.[relevant?],Economics,Mathematics,Business Studies,–,,,,,TRUE,,,,5,B,
Folkloristics,Branch of anthropology – study of folklore and fables.[relevant?],Anthropology,Cultural Studies,Sociology,–,,,,,TRUE,,,,5,B,
Garbology,Study of modern refuse,Archaeology,Environmental Science,Sociology,–,,,,,TRUE,,,,5,B,
Genealogy,Study of individual descent and bloodline – study of descent of families,History,Genetics,Anthropology,–,,,,,TRUE,,,,5,B,
Gigantology,study of giants[citation needed][relevant?],Anthropology,–,–,–,,,,,TRUE,,,,5,B,
Grammatology,Study of graphemes and writing systems – study of systems of writing,Linguistics,Semiotics,Anthropology,–,,,,,TRUE,,,,5,B,
Helcology,study of ulcers[27],Medicine,Gastroenterology,Pathology,–,,,,,TRUE,,,,5,B,
Histopathology,Microscopic examination of tissue in order to study and diagnose disease – study of changes in tissue due to disease,Medicine,Pathology,Histology,–,,,,,TRUE,,,,5,B,
Hoplology,The study of human combative behavior and performance,Anthropology,Sociology,Military Science,–,,,,,TRUE,,,,5,B,
Iconography,Branch of art history – study of drawing symbols [citation needed],Art History,Semiotics,–,–,,,,,TRUE,,,,5,B,
Idiopsychology,study of the psychology of one's own mind [citation needed],Neuroscience,Cognitive Science,–,–,,,,,TRUE,,,,5,B,
Irenology,Social science study of peace – study of peace [citation needed],Political Science,International Relations,–,–,,,,,TRUE,,,,5,B,
Kinesics,Interpretation of body motion communication – study of gestural communication,Communication Studies,Psychology,Anthropology,–,,,,,TRUE,,,,5,B,
Kinesiology,Study of human body movement – study of human movement and posture,Biology,Medicine,Biomechanics,–,,,,,TRUE,,,,5,B,
Ktenology,Scientific study of killing,Military Science,Forensic Science,–,–,,,,,TRUE,,,,5,B,
Larithmics,study of population statistics [citation needed],Statistics,Demography,Sociology,–,,,,,TRUE,,,,5,B,
Limnobiology,study of freshwater ecosystems [citation needed],Limnology,Ecology,–,–,,,,,TRUE,,,,5,B,
Logistics,"Planning, implementation and control of efficient flow and storage of goods, services and information",Business Studies,Engineering,–,–,,,,,TRUE,,,,5,T,
Magnetics,Class of physical phenomena – study of magnetism[citation needed],Electromagnetism,Materials Science,–,–,,,,,TRUE,,,,5,B,
Magnetohydrodynamics,Model of electrically conducting fluids – study of electrically conducting fluids,Physics,Fluid Dynamics,Electromagnetism,–,,,,,TRUE,,,,5,B,
Magnetostatics,Branch of physics about magnetism in systems with steady electric currents – study of magnetic fields in systems where the currents are steady,Physics,Electromagnetism,–,–,,,,,TRUE,,,,5,B,
Momilogy,study of mummies [citation needed],Archaeology,Anthropology,Forensic Science,–,,,,,TRUE,,,,5,B,
Mythology,Type of traditional narrative – study of myths; fables; tales[citation needed][relevant?],Cultural Studies,Anthropology,History,Literature,,,,,TRUE,,,,5,B,
Oikology,science of housekeeping [citation needed],Sociology,Home Economics,–,–,,,,,TRUE,,,,5,B,
Orthoepy,Correct pronunciation of a language [relevant?],Linguistics,Phonetics,–,–,,,,,TRUE,,,,5,B,
Orthography,Set of conventions for written language [relevant?],Linguistics,Phonetics,–,–,,,,,TRUE,,,,5,B,
Palaeoanthropology,Study of ancient humans,Anthropology,Palaeontology,Geology,–,,,,,TRUE,,,,5,B,
Palaeolimnology,Scientific study of ancient lakes and streams,Limnology,Palaeontology,Geology,–,,,,,TRUE,,,,5,B,
Paleo-osteology,study of ancient bones [citation needed],Osteology,Palaeontology,–,–,,,,,TRUE,,,,5,B,
Parthenology,study of virgins [citation needed],Anthropology,Sociology,–,–,,,,,TRUE,,,,5,B,
Phoniatrics,Sudy and treatment of organs involved in speech production,Medicine,Biology,Phonetics,–,,,,,TRUE,,,,5,B,
Polemology,Multidisciplinary study of war,Military Science,Political Science,Sociology,–,,,,,TRUE,,,,5,B,
Primatology,Scientific study of primates,Zoology,Anthropology,Biology,–,,,,,TRUE,,,,5,B,
Psychognosy,"study of mentality, personality or character",Psychology,Cognitive Science,–,–,,,,,TRUE,,,,5,B,
Pyroballogy,study of artillery,Ballistics,Military Science,–,–,,,,,TRUE,,,,5,B,
Silvics,Practice of controlling forests for timber production – study of tree's life[citation needed],Forestry,Biology,Ecology,–,,,,,TRUE,,,,5,B,
Somatology,Branch of anthropology that studies the physical development of the human species – science of substances [citation needed],Anthropology,Biology,–,–,,,,,TRUE,,,,5,B,
Spongology,study of sponges [citation needed],Biology,Zoology,Marine Biology,–,,,,,TRUE,,,,5,B,
Stoichiology,science of elements of animal tissues [40],Biology,Histology,Anatomy,–,,,,,TRUE,,,,5,B,
Stratography,art of leading an army [citation needed][relevant?],Military Science,History,–,–,,,,,TRUE,,,,5,B,
Symbology,"Something that represents an idea, process, or physical entity – study of symbols",Semiotics,Cultural Studies,–,–,,,,,TRUE,,,,5,B,
Terrestrial ecology,Study of terrestrial ecosystems and the biotic and abiotic things that occupy them.,Earth Science,Environmental Science,–,–,,,,,TRUE,,,,5,B,
Teuthology,Study of cephalopods,Zoology,Marine Biology,–,–,,,,,TRUE,,,,5,B,
Tonetics,Use of pitch to distinguish lexical or grammatical meaning,Phonetics,Linguistics,–,–,,,,,TRUE,,,,5,B,
Trichology,The study of the hair and scalp,Dermatology,Biology,Medicine,–,,,,,TRUE,,,,5,B,
Tsiganology,study of gypsies[citation needed],Anthropology,Sociology,Cultural Studies,–,,,,,TRUE,,,,5,B,
Typology,System of classification – study of types of things[citation needed],Anthropology,Archaeology,–,–,,,,,TRUE,,,,5,B,
Webology,Academic journal on the World Wide Web – The study of the World Wide Web.[48],Media Studies,Data Science,–,–,,,,,TRUE,,,,5,B,
Writing Systems,Study of graphemes and writing systems – study of systems of writing, = Grammatology,–,–,–,,,,,TRUE,,,,5,B,
Zoosemiotics,Study of the use of signs among animals – study of animal communication [citation needed],Semiotics,Zoology,Biology,–,,,,,TRUE,,,,5,B,
Rhochrematics,science of inventory management and the movement of products[citation needed],Logistics,–,–,–,,,,,,TRUE,,,6,B,
Storiology,study of folk tales [citation needed],Folkloristics,–,–,–,,,,,,TRUE,,,6,B,